date,batch_id,algorithm,scenario,run,seed,F,N,D,T,conflict_count,replan_count,deadlock_risk_count,deadlock_count,reroute_count,unfinished_count
2026-03-20,2026-03-20 18:40:31 [200ef8d-dirty][original],original,1,1,20261221,893.0,4,200,1.0,11,3,3,0,1,0
2026-03-20,2026-03-20 18:40:31 [200ef8d-dirty][original],original,1,2,20261222,977.0,4,244,5.0,11,3,3,0,1,0
2026-03-20,2026-03-20 18:40:31 [200ef8d-dirty][original],original,1,3,20261223,929.0,4,240,1.0,10,3,3,0,0,0
2026-03-20,2026-03-20 18:40:31 [200ef8d-dirty][original],original,1,4,20261224,915.0,4,212,0.0,11,5,3,0,1,0
2026-03-20,2026-03-20 18:40:31 [200ef8d-dirty][original],original,1,5,20261225,939.0,4,226,3.0,11,3,3,0,0,0
2026-03-20,2026-03-20 18:40:31 [200ef8d-dirty][original],original,1,6,20261226,941.0,4,242,2.0,10,3,3,0,0,0
2026-03-20,2026-03-20 18:40:31 [200ef8d-dirty][original],original,1,7,20261227,939.0,4,216,4.0,11,3,3,0,0,0
2026-03-20,2026-03-20 18:40:31 [200ef8d-dirty][original],original,1,8,20261228,893.0,4,200,1.0,11,3,3,0,1,0
2026-03-20,2026-03-20 18:40:31 [200ef8d-dirty][original],original,1,9,20261229,917.0,4,204,3.0,11,3,3,0,1,0
2026-03-20,2026-03-20 18:40:31 [200ef8d-dirty][original],original,1,10,20261230,879.0,4,200,0.0,10,3,3,0,0,0
2026-03-20,2026-03-20 18:40:31 [200ef8d-dirty][original],original,2,1,20262221,1335.0,4,270,31.0,16,7,7,0,0,0
2026-03-20,2026-03-20 18:40:31 [200ef8d-dirty][original],original,2,2,20262222,1658.0,4,262,62.0,18,8,8,0,1,0
2026-03-20,2026-03-20 18:40:31 [200ef8d-dirty][original],original,2,3,20262223,1081.0,4,246,8.0,16,7,7,0,1,0
2026-03-20,2026-03-20 18:40:31 [200ef8d-dirty][original],original,2,4,20262224,1877.0,4,326,80.0,15,7,7,0,0,0
2026-03-20,2026-03-20 18:40:31 [200ef8d-dirty][original],original,2,5,20262225,1293.0,4,274,26.0,17,7,7,0,1,0
2026-03-20,2026-03-20 18:40:31 [200ef8d-dirty][original],original,2,6,20262226,1305.0,4,264,29.0,15,7,7,0,0,0
2026-03-20,2026-03-20 18:40:31 [200ef8d-dirty][original],original,2,7,20262227,1377.0,4,262,36.0,16,7,7,0,1,0
2026-03-20,2026-03-20 18:40:31 [200ef8d-dirty][original],original,2,8,20262228,1203.0,4,292,16.0,15,7,7,0,0,0
2026-03-20,2026-03-20 18:40:31 [200ef8d-dirty][original],original,2,9,20262229,1163.0,4,302,11.0,15,7,7,0,0,0
2026-03-20,2026-03-20 18:40:31 [200ef8d-dirty][original],original,2,10,20262230,1681.0,4,306,62.0,16,7,7,0,1,0
2026-03-20,2026-03-20 18:40:31 [200ef8d-dirty][original],original,3,1,20263221,2033.0,6,387,52.0,24,10,10,0,3,0
2026-03-20,2026-03-20 18:40:31 [200ef8d-dirty][original],original,3,2,20263222,2281.0,6,413,73.0,27,10,10,0,4,0
2026-03-20,2026-03-20 18:40:31 [200ef8d-dirty][original],original,3,3,20263223,2372.0,6,547,64.0,29,13,13,0,5,0
2026-03-20,2026-03-20 18:40:31 [200ef8d-dirty][original],original,3,4,20263224,1823.0,5,429,43.0,21,10,10,0,0,0
2026-03-20,2026-03-20 18:40:31 [200ef8d-dirty][original],original,3,5,20263225,2272.0,6,455,67.0,26,11,11,0,3,0
2026-03-20,2026-03-20 18:40:31 [200ef8d-dirty][original],original,3,6,20263226,2329.0,6,387,85.0,22,8,8,0,2,0
2026-03-20,2026-03-20 18:40:31 [200ef8d-dirty][original],original,3,7,20263227,2464.0,6,437,88.0,26,11,11,0,2,0
2026-03-20,2026-03-20 18:40:31 [200ef8d-dirty][original],original,3,8,20263228,1651.0,5,341,35.0,20,10,10,0,0,0
2026-03-20,2026-03-20 18:40:31 [200ef8d-dirty][original],original,3,9,20263229,2309.0,5,371,97.0,22,10,10,0,1,0
2026-03-20,2026-03-20 18:40:31 [200ef8d-dirty][original],original,3,10,20263230,2097.0,5,333,80.0,21,10,10,0,1,0
2026-03-20,2026-03-20 18:42:10 [200ef8d-dirty][improved],improved,1,1,20261221,901.0,4,202,2.0,10,3,3,0,0,0
2026-03-20,2026-03-20 18:42:10 [200ef8d-dirty][improved],improved,1,2,20261222,901.0,4,202,2.0,10,3,3,0,0,0
2026-03-20,2026-03-20 18:42:10 [200ef8d-dirty][improved],improved,1,3,20261223,893.0,4,200,1.0,11,3,3,0,1,0
2026-03-20,2026-03-20 18:42:10 [200ef8d-dirty][improved],improved,1,4,20261224,893.0,4,200,1.0,11,3,3,0,1,0
2026-03-20,2026-03-20 18:42:10 [200ef8d-dirty][improved],improved,1,5,20261225,893.0,4,200,1.0,11,3,3,0,1,0
2026-03-20,2026-03-20 18:42:10 [200ef8d-dirty][improved],improved,1,6,20261226,893.0,4,200,1.0,11,3,3,0,1,0
2026-03-20,2026-03-20 18:42:10 [200ef8d-dirty][improved],improved,1,7,20261227,893.0,4,200,1.0,11,3,3,0,1,0
2026-03-20,2026-03-20 18:42:10 [200ef8d-dirty][improved],improved,1,8,20261228,893.0,4,200,1.0,11,3,3,0,1,0
2026-03-20,2026-03-20 18:42:10 [200ef8d-dirty][improved],improved,1,9,20261229,899.0,4,220,0.0,10,3,3,0,0,0
2026-03-20,2026-03-20 18:42:10 [200ef8d-dirty][improved],improved,1,10,20261230,893.0,4,200,1.0,11,3,3,0,1,0
2026-03-20,2026-03-20 18:42:10 [200ef8d-dirty][improved],improved,2,1,20262221,1033.0,4,232,5.0,15,7,7,0,0,0
2026-03-20,2026-03-20 18:42:10 [200ef8d-dirty][improved],improved,2,2,20262222,995.0,4,204,4.0,15,7,7,0,0,0
2026-03-20,2026-03-20 18:42:10 [200ef8d-dirty][improved],improved,2,3,20262223,1009.0,4,204,5.0,16,7,7,0,1,0
2026-03-20,2026-03-20 18:42:10 [200ef8d-dirty][improved],improved,2,4,20262224,995.0,4,204,4.0,15,7,7,0,0,0
2026-03-20,2026-03-20 18:42:10 [200ef8d-dirty][improved],improved,2,5,20262225,1009.0,4,204,5.0,16,7,7,0,1,0
2026-03-20,2026-03-20 18:42:10 [200ef8d-dirty][improved],improved,2,6,20262226,995.0,4,204,4.0,15,7,7,0,0,0
2026-03-20,2026-03-20 18:42:10 [200ef8d-dirty][improved],improved,2,7,20262227,1007.0,4,236,2.0,15,7,7,0,0,0
2026-03-20,2026-03-20 18:42:10 [200ef8d-dirty][improved],improved,2,8,20262228,995.0,4,204,4.0,15,7,7,0,0,0
2026-03-20,2026-03-20 18:42:10 [200ef8d-dirty][improved],improved,2,9,20262229,995.0,4,204,4.0,15,7,7,0,0,0
2026-03-20,2026-03-20 18:42:10 [200ef8d-dirty][improved],improved,2,10,20262230,995.0,4,204,4.0,15,7,7,0,0,0
2026-03-20,2026-03-20 18:42:10 [200ef8d-dirty][improved],improved,3,1,20263221,1391.0,5,403,2.0,22,10,10,0,1,0
2026-03-20,2026-03-20 18:42:10 [200ef8d-dirty][improved],improved,3,2,20263222,1425.0,5,371,9.0,21,10,10,0,0,0
2026-03-20,2026-03-20 18:42:10 [200ef8d-dirty][improved],improved,3,3,20263223,1375.0,5,347,6.0,22,10,10,0,1,0
2026-03-20,2026-03-20 18:42:10 [200ef8d-dirty][improved],improved,3,4,20263224,1447.0,5,379,10.0,22,10,10,0,2,0
2026-03-20,2026-03-20 18:42:10 [200ef8d-dirty][improved],improved,3,5,20263225,1413.0,5,351,9.0,23,10,10,0,2,0
2026-03-20,2026-03-20 18:42:10 [200ef8d-dirty][improved],improved,3,6,20263226,1412.0,5,377,4.0,23,12,11,0,2,0
2026-03-20,2026-03-20 18:42:10 [200ef8d-dirty][improved],improved,3,7,20263227,1663.0,5,375,32.0,22,10,10,0,1,0
2026-03-20,2026-03-20 18:42:10 [200ef8d-dirty][improved],improved,3,8,20263228,1407.0,5,379,6.0,22,10,10,0,1,0
2026-03-20,2026-03-20 18:42:10 [200ef8d-dirty][improved],improved,3,9,20263229,1353.0,5,329,4.0,21,12,10,0,1,0
2026-03-20,2026-03-20 18:42:10 [200ef8d-dirty][improved],improved,3,10,20263230,1362.0,5,319,5.0,25,11,11,0,2,0
2026-03-20,2026-03-20 22:17:38 [28d71a7-dirty][original],original,1,1,20261221,879.0,4,180,2.0,10,3,3,0,0,0
2026-03-20,2026-03-20 22:17:38 [28d71a7-dirty][original],original,1,2,20261222,879.0,4,190,1.0,10,3,3,0,0,0
2026-03-20,2026-03-20 22:17:38 [28d71a7-dirty][original],original,1,3,20261223,865.0,4,186,0.0,10,3,3,0,0,0
2026-03-20,2026-03-20 22:17:38 [28d71a7-dirty][original],original,1,4,20261224,875.0,4,186,1.0,10,3,3,0,0,0
2026-03-20,2026-03-20 22:17:38 [28d71a7-dirty][original],original,1,5,20261225,879.0,4,180,2.0,10,3,3,0,0,0
2026-03-20,2026-03-20 22:17:38 [28d71a7-dirty][original],original,1,6,20261226,875.0,4,186,1.0,10,3,3,0,0,0
2026-03-20,2026-03-20 22:17:38 [28d71a7-dirty][original],original,1,7,20261227,881.0,4,202,0.0,10,3,3,0,0,0
2026-03-20,2026-03-20 22:17:38 [28d71a7-dirty][original],original,1,8,20261228,865.0,4,186,0.0,10,3,3,0,0,0
2026-03-20,2026-03-20 22:17:38 [28d71a7-dirty][original],original,1,9,20261229,875.0,4,186,1.0,10,3,3,0,0,0
2026-03-20,2026-03-20 22:17:38 [28d71a7-dirty][original],original,1,10,20261230,871.0,4,188,0.0,11,3,3,0,1,0
2026-03-20,2026-03-20 22:17:38 [28d71a7-dirty][original],original,2,1,20262221,1347.0,6,293,0.0,19,6,6,0,1,0
2026-03-20,2026-03-20 22:17:38 [28d71a7-dirty][original],original,2,2,20262222,1135.0,4,254,13.0,15,7,7,0,0,0
2026-03-20,2026-03-20 22:17:38 [28d71a7-dirty][original],original,2,3,20262223,1085.0,4,254,8.0,15,7,7,0,0,0
2026-03-20,2026-03-20 22:17:38 [28d71a7-dirty][original],original,2,4,20262224,1339.0,6,319,0.0,17,4,4,0,2,0
2026-03-20,2026-03-20 22:17:38 [28d71a7-dirty][original],original,2,5,20262225,967.0,4,212,0.0,16,7,7,0,1,0
2026-03-20,2026-03-20 22:17:38 [28d71a7-dirty][original],original,2,6,20262226,1025.0,4,230,4.0,16,7,7,0,1,0
2026-03-20,2026-03-20 22:17:38 [28d71a7-dirty][original],original,2,7,20262227,1067.0,4,236,8.0,15,7,7,0,0,0
2026-03-20,2026-03-20 22:17:38 [28d71a7-dirty][original],original,2,8,20262228,1119.0,4,224,14.0,16,7,7,0,0,0
2026-03-20,2026-03-20 22:17:38 [28d71a7-dirty][original],original,2,9,20262229,1143.0,4,252,14.0,15,7,7,0,0,0
2026-03-20,2026-03-20 22:17:38 [28d71a7-dirty][original],original,2,10,20262230,1419.0,6,318,3.0,20,7,7,0,3,0
2026-03-20,2026-03-20 22:17:38 [28d71a7-dirty][original],original,3,1,20263221,1396.0,5,307,10.0,24,11,11,0,3,0
2026-03-20,2026-03-20 22:17:38 [28d71a7-dirty][original],original,3,2,20263222,1373.0,5,303,11.0,20,10,10,0,0,0
2026-03-20,2026-03-20 22:17:38 [28d71a7-dirty][original],original,3,3,20263223,1523.0,5,322,17.0,28,13,13,0,3,0
2026-03-20,2026-03-20 22:17:38 [28d71a7-dirty][original],original,3,4,20263224,1533.0,6,341,10.0,22,8,8,0,1,0
2026-03-20,2026-03-20 22:17:38 [28d71a7-dirty][original],original,3,5,20263225,1356.0,5,292,10.0,21,10,10,0,1,0
2026-03-20,2026-03-20 22:17:38 [28d71a7-dirty][original],original,3,6,20263226,1451.0,5,297,19.0,21,10,10,0,1,0
2026-03-20,2026-03-20 22:17:38 [28d71a7-dirty][original],original,3,7,20263227,1387.0,5,323,10.0,21,10,10,0,1,0
2026-03-20,2026-03-20 22:17:38 [28d71a7-dirty][original],original,3,8,20263228,1412.0,6,305,1.0,20,9,9,0,0,0
2026-03-20,2026-03-20 22:17:38 [28d71a7-dirty][original],original,3,9,20263229,1312.0,5,331,0.0,22,11,11,0,0,0
2026-03-20,2026-03-20 22:17:38 [28d71a7-dirty][original],original,3,10,20263230,1395.0,5,301,13.0,21,10,10,0,1,0
2026-03-20,2026-03-20 22:21:48 [28d71a7-dirty][improved],improved,1,1,20261221,865.0,4,186,0.0,10,3,3,0,0,0
2026-03-20,2026-03-20 22:21:48 [28d71a7-dirty][improved],improved,1,2,20261222,865.0,4,186,0.0,10,3,3,0,0,0
2026-03-20,2026-03-20 22:21:48 [28d71a7-dirty][improved],improved,1,3,20261223,865.0,4,186,0.0,10,3,3,0,0,0
2026-03-20,2026-03-20 22:21:48 [28d71a7-dirty][improved],improved,1,4,20261224,865.0,4,186,0.0,10,3,3,0,0,0
2026-03-20,2026-03-20 22:21:48 [28d71a7-dirty][improved],improved,1,5,20261225,865.0,4,186,0.0,10,3,3,0,0,0
2026-03-20,2026-03-20 22:21:48 [28d71a7-dirty][improved],improved,1,6,20261226,865.0,4,186,0.0,10,3,3,0,0,0
2026-03-20,2026-03-20 22:21:48 [28d71a7-dirty][improved],improved,1,7,20261227,865.0,4,186,0.0,10,3,3,0,0,0
2026-03-20,2026-03-20 22:21:48 [28d71a7-dirty][improved],improved,1,8,20261228,865.0,4,186,0.0,10,3,3,0,0,0
2026-03-20,2026-03-20 22:21:48 [28d71a7-dirty][improved],improved,1,9,20261229,865.0,4,186,0.0,10,3,3,0,0,0
2026-03-20,2026-03-20 22:21:48 [28d71a7-dirty][improved],improved,1,10,20261230,865.0,4,186,0.0,10,3,3,0,0,0
2026-03-20,2026-03-20 22:21:48 [28d71a7-dirty][improved],improved,2,1,20262221,935.0,4,174,1.0,15,7,7,0,0,0
2026-03-20,2026-03-20 22:21:48 [28d71a7-dirty][improved],improved,2,2,20262222,925.0,4,174,0.0,15,7,7,0,0,0
2026-03-20,2026-03-20 22:21:48 [28d71a7-dirty][improved],improved,2,3,20262223,925.0,4,174,0.0,15,7,7,0,0,0
2026-03-20,2026-03-20 22:21:48 [28d71a7-dirty][improved],improved,2,4,20262224,925.0,4,174,0.0,15,7,7,0,0,0
2026-03-20,2026-03-20 22:21:48 [28d71a7-dirty][improved],improved,2,5,20262225,925.0,4,174,0.0,15,7,7,0,0,0
2026-03-20,2026-03-20 22:21:48 [28d71a7-dirty][improved],improved,2,6,20262226,933.0,4,178,0.0,16,7,7,0,1,0
2026-03-20,2026-03-20 22:21:48 [28d71a7-dirty][improved],improved,2,7,20262227,935.0,4,174,1.0,15,7,7,0,0,0
2026-03-20,2026-03-20 22:21:48 [28d71a7-dirty][improved],improved,2,8,20262228,925.0,4,174,0.0,15,7,7,0,0,0
2026-03-20,2026-03-20 22:21:48 [28d71a7-dirty][improved],improved,2,9,20262229,931.0,4,180,0.0,15,7,7,0,0,0
2026-03-20,2026-03-20 22:21:48 [28d71a7-dirty][improved],improved,2,10,20262230,933.0,4,182,0.0,15,7,7,0,0,0
2026-03-20,2026-03-20 22:21:48 [28d71a7-dirty][improved],improved,3,1,20263221,1216.0,5,239,0.0,20,12,9,0,1,0
2026-03-20,2026-03-20 22:21:48 [28d71a7-dirty][improved],improved,3,2,20263222,1217.0,5,253,0.0,21,10,10,0,1,0
2026-03-20,2026-03-20 22:21:48 [28d71a7-dirty][improved],improved,3,3,20263223,1205.0,5,245,0.0,20,10,10,0,0,0
2026-03-20,2026-03-20 22:21:48 [28d71a7-dirty][improved],improved,3,4,20263224,1222.0,5,258,0.0,21,10,10,0,1,0
2026-03-20,2026-03-20 22:21:48 [28d71a7-dirty][improved],improved,3,5,20263225,1227.0,5,259,0.0,22,10,10,0,2,0
2026-03-20,2026-03-20 22:21:48 [28d71a7-dirty][improved],improved,3,6,20263226,1233.0,5,265,0.0,22,10,10,0,1,0
2026-03-20,2026-03-20 22:21:48 [28d71a7-dirty][improved],improved,3,7,20263227,1241.0,5,281,0.0,20,10,10,0,0,0
2026-03-20,2026-03-20 22:21:48 [28d71a7-dirty][improved],improved,3,8,20263228,1225.0,5,253,0.0,23,10,10,0,3,0
2026-03-20,2026-03-20 22:21:48 [28d71a7-dirty][improved],improved,3,9,20263229,1212.0,5,248,0.0,21,10,10,0,1,0
2026-03-20,2026-03-20 22:21:48 [28d71a7-dirty][improved],improved,3,10,20263230,1205.0,5,245,0.0,20,10,10,0,0,0
2026-03-20,2026-03-20 22:35:45 [28d71a7-dirty][original],original,1,1,20261221,1074.0,4,247,14.0,12,3,3,0,2,0
2026-03-20,2026-03-20 22:35:45 [28d71a7-dirty][original],original,1,2,20261222,1156.0,4,283,19.0,11,3,3,0,1,0
2026-03-20,2026-03-20 22:35:45 [28d71a7-dirty][original],original,1,3,20261223,1066.0,4,239,14.0,12,3,3,0,2,0
2026-03-20,2026-03-20 22:35:45 [28d71a7-dirty][original],original,1,4,20261224,1113.0,4,280,15.0,11,3,3,0,1,0
2026-03-20,2026-03-20 22:35:45 [28d71a7-dirty][original],original,1,5,20261225,1118.0,4,251,18.0,12,3,3,0,2,0
2026-03-20,2026-03-20 22:35:45 [28d71a7-dirty][original],original,1,6,20261226,1130.0,4,257,19.0,11,3,3,0,1,0
2026-03-20,2026-03-20 22:35:45 [28d71a7-dirty][original],original,1,7,20261227,1141.0,4,318,14.0,11,3,3,0,1,0
2026-03-20,2026-03-20 22:35:45 [28d71a7-dirty][original],original,1,8,20261228,1089.0,4,256,15.0,11,3,3,0,1,0
2026-03-20,2026-03-20 22:35:45 [28d71a7-dirty][original],original,1,9,20261229,1112.0,4,279,15.0,11,3,3,0,1,0
2026-03-20,2026-03-20 22:35:45 [28d71a7-dirty][original],original,1,10,20261230,1170.0,4,321,17.0,10,3,3,0,0,0
2026-03-20,2026-03-20 22:35:45 [28d71a7-dirty][original],original,2,1,20262221,2676.0,8,594,70.0,26,6,6,0,6,0
2026-03-20,2026-03-20 22:35:45 [28d71a7-dirty][original],original,2,2,20262222,2014.0,4,368,87.0,18,8,8,0,1,0
2026-03-20,2026-03-20 22:35:45 [28d71a7-dirty][original],original,2,3,20262223,3140.0,6,463,159.0,24,7,7,0,6,0
2026-03-20,2026-03-20 22:35:45 [28d71a7-dirty][original],original,2,4,20262224,2413.0,5,441,106.0,21,6,6,0,4,0
2026-03-20,2026-03-20 22:35:45 [28d71a7-dirty][original],original,2,5,20262225,2250.0,4,335,116.0,16,7,7,0,1,0
2026-03-20,2026-03-20 22:35:45 [28d71a7-dirty][original],original,2,6,20262226,2032.0,4,346,91.0,18,8,8,0,0,0
2026-03-20,2026-03-20 22:35:45 [28d71a7-dirty][original],original,2,7,20262227,1409.0,4,348,31.0,15,7,7,0,0,0
2026-03-20,2026-03-20 22:35:45 [28d71a7-dirty][original],original,2,8,20262228,2659.0,7,474,91.0,27,9,9,0,5,0
2026-03-20,2026-03-20 22:35:45 [28d71a7-dirty][original],original,2,9,20262229,2633.0,7,523,78.0,31,12,12,0,7,0
2026-03-20,2026-03-20 22:35:45 [28d71a7-dirty][original],original,2,10,20262230,1874.0,4,309,81.0,16,7,7,0,1,0
2026-03-20,2026-03-20 22:35:45 [28d71a7-dirty][original],original,3,1,20263221,3201.0,6,494,155.0,26,12,11,0,4,0
2026-03-20,2026-03-20 22:35:45 [28d71a7-dirty][original],original,3,2,20263222,3546.0,6,677,168.0,30,13,13,0,4,0
2026-03-20,2026-03-20 22:35:45 [28d71a7-dirty][original],original,3,3,20263223,4334.0,8,642,226.0,32,8,8,0,6,0
2026-03-20,2026-03-20 22:35:45 [28d71a7-dirty][original],original,3,4,20263224,3134.0,6,557,140.0,27,13,13,0,2,0
2026-03-20,2026-03-20 22:35:45 [28d71a7-dirty][original],original,3,5,20263225,4472.0,8,796,218.0,35,12,12,0,6,0
2026-03-20,2026-03-20 22:35:45 [28d71a7-dirty][original],original,3,6,20263226,3924.0,9,732,124.0,53,30,30,0,7,0
2026-03-20,2026-03-20 22:35:45 [28d71a7-dirty][original],original,3,7,20263227,4113.0,6,530,239.0,31,13,13,0,6,0
2026-03-20,2026-03-20 22:35:45 [28d71a7-dirty][original],original,3,8,20263228,2801.0,6,464,122.0,25,9,9,0,4,0
2026-03-20,2026-03-20 22:35:45 [28d71a7-dirty][original],original,3,9,20263229,3080.0,6,556,139.0,26,10,10,0,3,0
2026-03-20,2026-03-20 22:35:45 [28d71a7-dirty][original],original,3,10,20263230,4322.0,8,823,202.0,34,11,11,0,7,0
2026-03-20,2026-03-20 22:46:48 [28d71a7-dirty][improved],improved,1,1,20261221,1042.0,4,272,10.0,11,2,2,0,1,0
2026-03-20,2026-03-20 22:46:48 [28d71a7-dirty][improved],improved,1,2,20261222,1064.0,4,247,13.0,12,3,3,0,2,0
2026-03-20,2026-03-20 22:46:48 [28d71a7-dirty][improved],improved,1,3,20261223,1064.0,4,241,14.0,11,3,3,0,1,0
2026-03-20,2026-03-20 22:46:48 [28d71a7-dirty][improved],improved,1,4,20261224,1074.0,4,247,14.0,12,3,3,0,2,0
2026-03-20,2026-03-20 22:46:48 [28d71a7-dirty][improved],improved,1,5,20261225,1072.0,4,249,14.0,11,3,3,0,1,0
2026-03-20,2026-03-20 22:46:48 [28d71a7-dirty][improved],improved,1,6,20261226,1066.0,4,239,14.0,12,3,3,0,2,0
2026-03-20,2026-03-20 22:46:48 [28d71a7-dirty][improved],improved,1,7,20261227,1025.0,4,245,11.0,11,2,2,0,1,0
2026-03-20,2026-03-20 22:46:48 [28d71a7-dirty][improved],improved,1,8,20261228,1064.0,4,247,13.0,12,3,3,0,2,0
2026-03-20,2026-03-20 22:46:48 [28d71a7-dirty][improved],improved,1,9,20261229,1031.0,4,236,10.0,14,3,3,0,3,0
2026-03-20,2026-03-20 22:46:48 [28d71a7-dirty][improved],improved,1,10,20261230,1065.0,4,295,10.0,11,2,2,0,1,0
2026-03-20,2026-03-20 22:46:48 [28d71a7-dirty][improved],improved,2,1,20262221,1246.0,4,261,23.0,16,7,7,0,1,0
2026-03-20,2026-03-20 22:46:48 [28d71a7-dirty][improved],improved,2,2,20262222,1218.0,4,303,16.0,16,7,7,0,1,0
2026-03-20,2026-03-20 22:46:48 [28d71a7-dirty][improved],improved,2,3,20262223,1239.0,4,290,19.0,17,7,7,0,2,0
2026-03-20,2026-03-20 22:46:48 [28d71a7-dirty][improved],improved,2,4,20262224,1218.0,4,307,16.0,15,7,7,0,0,0
2026-03-20,2026-03-20 22:46:48 [28d71a7-dirty][improved],improved,2,5,20262225,1257.0,4,310,15.0,20,9,9,0,3,0
2026-03-20,2026-03-20 22:46:48 [28d71a7-dirty][improved],improved,2,6,20262226,1269.0,4,334,18.0,16,7,7,0,1,0
2026-03-20,2026-03-20 22:46:48 [28d71a7-dirty][improved],improved,2,7,20262227,1222.0,4,311,16.0,15,7,7,0,0,0
2026-03-20,2026-03-20 22:46:48 [28d71a7-dirty][improved],improved,2,8,20262228,1243.0,4,308,18.0,16,7,7,0,1,0
2026-03-20,2026-03-20 22:46:48 [28d71a7-dirty][improved],improved,2,9,20262229,1232.0,4,317,16.0,16,7,7,0,1,0
2026-03-20,2026-03-20 22:46:48 [28d71a7-dirty][improved],improved,2,10,20262230,1248.0,4,279,21.0,17,7,7,0,2,0
2026-03-20,2026-03-20 22:46:48 [28d71a7-dirty][improved],improved,3,1,20263221,1741.0,5,435,25.0,26,16,14,0,2,0
2026-03-20,2026-03-20 22:46:48 [28d71a7-dirty][improved],improved,3,2,20263222,1712.0,5,426,31.0,24,10,10,0,3,0
2026-03-20,2026-03-20 22:46:48 [28d71a7-dirty][improved],improved,3,3,20263223,1725.0,5,521,24.0,21,10,10,0,1,0
2026-03-20,2026-03-20 22:46:48 [28d71a7-dirty][improved],improved,3,4,20263224,1863.0,5,405,49.0,22,10,10,0,0,0
2026-03-20,2026-03-20 22:46:48 [28d71a7-dirty][improved],improved,3,5,20263225,1705.0,5,477,26.0,22,10,10,0,2,0
2026-03-20,2026-03-20 22:46:48 [28d71a7-dirty][improved],improved,3,6,20263226,1903.0,5,405,53.0,22,10,10,0,2,0
2026-03-20,2026-03-20 22:46:48 [28d71a7-dirty][improved],improved,3,7,20263227,1946.0,6,473,31.0,30,11,11,0,6,0
2026-03-20,2026-03-20 22:46:48 [28d71a7-dirty][improved],improved,3,8,20263228,1922.0,5,397,54.0,23,11,11,0,2,0
2026-03-20,2026-03-20 22:46:48 [28d71a7-dirty][improved],improved,3,9,20263229,1669.0,5,400,28.0,24,11,11,0,1,0
2026-03-20,2026-03-20 22:46:48 [28d71a7-dirty][improved],improved,3,10,20263230,1815.0,5,477,37.0,22,10,10,0,2,0
2026-03-31,2026-03-31 22:39:52 [b064168][improved],improved,1,1,20261221,2932.0,4,274,58.0,90,86,86,0,0,0
2026-03-31,2026-03-31 22:39:52 [b064168][improved],improved,1,2,20261222,2841.0,4,353,41.0,90,86,86,0,0,0
2026-03-31,2026-03-31 22:39:52 [b064168][improved],improved,1,3,20261223,2841.0,4,353,41.0,90,86,86,0,0,0
2026-03-31,2026-03-31 22:39:52 [b064168][improved],improved,1,4,20261224,2841.0,4,353,41.0,90,86,86,0,0,0
2026-03-31,2026-03-31 22:39:52 [b064168][improved],improved,1,5,20261225,2875.0,4,357,44.0,90,86,86,0,0,0
2026-03-31,2026-03-31 22:39:52 [b064168][improved],improved,1,6,20261226,2841.0,4,353,41.0,90,86,86,0,0,0
2026-03-31,2026-03-31 22:39:52 [b064168][improved],improved,1,7,20261227,2922.0,4,274,57.0,90,86,86,0,0,0
2026-03-31,2026-03-31 22:39:52 [b064168][improved],improved,1,8,20261228,2841.0,4,353,41.0,90,86,86,0,0,0
2026-03-31,2026-03-31 22:39:52 [b064168][improved],improved,1,9,20261229,2841.0,4,353,41.0,90,86,86,0,0,0
2026-03-31,2026-03-31 22:39:52 [b064168][improved],improved,1,10,20261230,2875.0,4,357,44.0,90,86,86,0,0,0
2026-03-31,2026-03-31 22:39:52 [b064168][improved],improved,2,1,20262221,4524.0,5,364,118.0,135,130,130,0,0,0
2026-03-31,2026-03-31 22:39:52 [b064168][improved],improved,2,2,20262222,4168.0,5,348,84.0,135,130,130,0,0,0
2026-03-31,2026-03-31 22:39:52 [b064168][improved],improved,2,3,20262223,4347.0,5,347,102.0,135,130,130,0,0,0
2026-03-31,2026-03-31 22:39:52 [b064168][improved],improved,2,4,20262224,4414.0,5,364,107.0,135,130,130,0,0,0
2026-03-31,2026-03-31 22:39:52 [b064168][improved],improved,2,5,20262225,4635.0,5,375,128.0,135,130,130,0,0,0
2026-03-31,2026-03-31 22:39:52 [b064168][improved],improved,2,6,20262226,4410.0,4,267,130.0,135,131,131,0,0,0
2026-03-31,2026-03-31 22:39:52 [b064168][improved],improved,2,7,20262227,4492.0,5,302,121.0,135,130,130,0,0,0
2026-03-31,2026-03-31 22:39:52 [b064168][improved],improved,2,8,20262228,4198.0,5,348,87.0,135,130,130,0,0,0
2026-03-31,2026-03-31 22:39:52 [b064168][improved],improved,2,9,20262229,4390.0,5,350,106.0,135,130,130,0,0,0
2026-03-31,2026-03-31 22:39:52 [b064168][improved],improved,2,10,20262230,4376.0,5,346,105.0,135,130,130,0,0,0
2026-03-31,2026-03-31 22:39:52 [b064168][improved],improved,3,1,20263221,7469.0,5,424,330.0,180,175,175,0,0,0
2026-03-31,2026-03-31 22:39:52 [b064168][improved],improved,3,2,20263222,6790.0,5,445,260.0,180,175,175,0,0,0
2026-03-31,2026-03-31 22:39:52 [b064168][improved],improved,3,3,20263223,7484.0,6,542,306.0,180,174,174,0,0,0
2026-03-31,2026-03-31 22:39:52 [b064168][improved],improved,3,4,20263224,7252.0,5,447,306.0,180,175,175,0,0,0
2026-03-31,2026-03-31 22:39:52 [b064168][improved],improved,3,5,20263225,7774.0,5,449,358.0,180,175,175,0,0,0
2026-03-31,2026-03-31 22:39:52 [b064168][improved],improved,3,6,20263226,8096.0,6,464,361.0,189,182,182,0,1,0
2026-03-31,2026-03-31 22:39:52 [b064168][improved],improved,3,7,20263227,7748.0,5,453,355.0,180,175,175,0,0,0
2026-03-31,2026-03-31 22:39:52 [b064168][improved],improved,3,8,20263228,7251.0,6,509,272.0,189,182,182,0,1,0
2026-03-31,2026-03-31 22:39:52 [b064168][improved],improved,3,9,20263229,7813.0,6,501,329.0,189,182,182,0,1,0
2026-03-31,2026-03-31 22:39:52 [b064168][improved],improved,3,10,20263230,7130.0,6,468,264.0,189,182,182,0,1,0
2026-04-01,2026-04-01 21:47:55 [b064168-dirty][improved],improved,1,1,20261221,2400.0,4,222,10.0,90,86,86,0,0,0
2026-04-01,2026-04-01 21:47:55 [b064168-dirty][improved],improved,1,2,20261222,2400.0,4,192,13.0,90,86,86,0,0,0
2026-04-01,2026-04-01 21:47:55 [b064168-dirty][improved],improved,1,3,20261223,2370.0,4,192,10.0,90,86,86,0,0,0
2026-04-01,2026-04-01 21:47:55 [b064168-dirty][improved],improved,1,4,20261224,2424.0,4,216,13.0,90,86,86,0,0,0
2026-04-01,2026-04-01 21:47:55 [b064168-dirty][improved],improved,1,5,20261225,2366.0,4,188,10.0,90,86,86,0,0,0
2026-04-01,2026-04-01 21:47:55 [b064168-dirty][improved],improved,1,6,20261226,2370.0,4,192,10.0,90,86,86,0,0,0
2026-04-01,2026-04-01 21:47:55 [b064168-dirty][improved],improved,1,7,20261227,2412.0,4,214,12.0,90,86,86,0,0,0
2026-04-01,2026-04-01 21:47:55 [b064168-dirty][improved],improved,1,8,20261228,2390.0,4,202,11.0,90,86,86,0,0,0
2026-04-01,2026-04-01 21:47:55 [b064168-dirty][improved],improved,1,9,20261229,2370.0,4,192,10.0,90,86,86,0,0,0
2026-04-01,2026-04-01 21:47:55 [b064168-dirty][improved],improved,1,10,20261230,2389.0,4,211,10.0,90,86,86,0,0,0
2026-04-01,2026-04-01 21:47:55 [b064168-dirty][improved],improved,2,1,20262221,3594.0,6,287,19.0,135,129,129,0,0,0
2026-04-01,2026-04-01 21:47:55 [b064168-dirty][improved],improved,2,2,20262222,3642.0,6,295,23.0,135,129,129,0,0,0
2026-04-01,2026-04-01 21:47:55 [b064168-dirty][improved],improved,2,3,20262223,3504.0,6,297,9.0,135,129,129,0,0,0
2026-04-01,2026-04-01 21:47:55 [b064168-dirty][improved],improved,2,4,20262224,3551.0,6,274,16.0,135,129,129,0,0,0
2026-04-01,2026-04-01 21:47:55 [b064168-dirty][improved],improved,2,5,20262225,3483.0,6,286,8.0,135,129,129,0,0,0
2026-04-01,2026-04-01 21:47:55 [b064168-dirty][improved],improved,2,6,20262226,3617.0,7,303,6.0,135,128,128,0,0,0
2026-04-01,2026-04-01 21:47:55 [b064168-dirty][improved],improved,2,7,20262227,3618.0,6,261,10.0,144,137,137,0,0,0
2026-04-01,2026-04-01 21:47:55 [b064168-dirty][improved],improved,2,8,20262228,3514.0,6,267,13.0,135,129,129,0,0,0
2026-04-01,2026-04-01 21:47:55 [b064168-dirty][improved],improved,2,9,20262229,3495.0,6,298,8.0,135,129,129,0,0,0
2026-04-01,2026-04-01 21:47:55 [b064168-dirty][improved],improved,2,10,20262230,3583.0,6,296,17.0,135,129,129,0,0,0
2026-04-01,2026-04-01 21:47:55 [b064168-dirty][improved],improved,3,1,20263221,4726.0,9,433,0.0,180,171,171,0,0,0
2026-04-01,2026-04-01 21:47:55 [b064168-dirty][improved],improved,3,2,20263222,4869.0,9,396,18.0,180,171,171,0,0,0
2026-04-01,2026-04-01 21:47:55 [b064168-dirty][improved],improved,3,3,20263223,4804.0,9,431,8.0,180,171,171,0,0,0
2026-04-01,2026-04-01 21:47:55 [b064168-dirty][improved],improved,3,4,20263224,4927.0,8,421,35.0,180,172,172,0,0,0
2026-04-01,2026-04-01 21:47:55 [b064168-dirty][improved],improved,3,5,20263225,5062.0,9,449,32.0,180,171,171,0,0,0
2026-04-01,2026-04-01 21:47:55 [b064168-dirty][improved],improved,3,6,20263226,4753.0,7,344,39.0,180,173,173,0,0,0
2026-04-01,2026-04-01 21:47:55 [b064168-dirty][improved],improved,3,7,20263227,4728.0,8,362,21.0,180,172,172,0,0,0
2026-04-01,2026-04-01 21:47:55 [b064168-dirty][improved],improved,3,8,20263228,4595.0,8,379,6.0,180,172,172,0,0,0
2026-04-01,2026-04-01 21:47:55 [b064168-dirty][improved],improved,3,9,20263229,4676.0,8,370,15.0,180,172,172,0,0,0
2026-04-01,2026-04-01 21:47:55 [b064168-dirty][improved],improved,3,10,20263230,4823.0,9,420,11.0,180,171,171,0,0,0
2026-04-01,2026-04-01 21:52:59 [b064168-dirty][original],original,1,1,20261221,2370.0,4,212,8.0,90,86,86,0,0,0
2026-04-01,2026-04-01 21:52:59 [b064168-dirty][original],original,1,2,20261222,2380.0,4,212,9.0,90,86,86,0,0,0
2026-04-01,2026-04-01 21:52:59 [b064168-dirty][original],original,1,3,20261223,2378.0,4,240,6.0,90,86,86,0,0,0
2026-04-01,2026-04-01 21:52:59 [b064168-dirty][original],original,1,4,20261224,2378.0,4,240,6.0,90,86,86,0,0,0
2026-04-01,2026-04-01 21:52:59 [b064168-dirty][original],original,1,5,20261225,2388.0,4,210,10.0,90,86,86,0,0,0
2026-04-01,2026-04-01 21:52:59 [b064168-dirty][original],original,1,6,20261226,2449.0,5,234,0.0,90,85,85,0,0,0
2026-04-01,2026-04-01 21:52:59 [b064168-dirty][original],original,1,7,20261227,2426.0,4,218,13.0,90,86,86,0,0,0
2026-04-01,2026-04-01 21:52:59 [b064168-dirty][original],original,1,8,20261228,2410.0,4,212,12.0,90,86,86,0,0,0
2026-04-01,2026-04-01 21:52:59 [b064168-dirty][original],original,1,9,20261229,2398.0,4,240,8.0,90,86,86,0,0,0
2026-04-01,2026-04-01 21:52:59 [b064168-dirty][original],original,1,10,20261230,2379.0,4,201,10.0,90,86,86,0,0,0
2026-04-01,2026-04-01 21:52:59 [b064168-dirty][original],original,2,1,20262221,4035.0,7,361,28.0,144,136,136,0,0,0
2026-04-01,2026-04-01 21:52:59 [b064168-dirty][original],original,2,2,20262222,3920.0,7,336,33.0,135,128,128,0,0,0
2026-04-01,2026-04-01 21:52:59 [b064168-dirty][original],original,2,3,20262223,3941.0,7,367,32.0,135,128,128,0,0,0
2026-04-01,2026-04-01 21:52:59 [b064168-dirty][original],original,2,4,20262224,4135.0,7,371,51.0,135,128,128,0,0,0
2026-04-01,2026-04-01 21:52:59 [b064168-dirty][original],original,2,5,20262225,4007.0,6,350,54.0,135,129,129,0,0,0
2026-04-01,2026-04-01 21:52:59 [b064168-dirty][original],original,2,6,20262226,3716.0,7,362,10.0,135,128,128,0,0,0
2026-04-01,2026-04-01 21:52:59 [b064168-dirty][original],original,2,7,20262227,3834.0,7,320,26.0,135,128,128,0,0,0
2026-04-01,2026-04-01 21:52:59 [b064168-dirty][original],original,2,8,20262228,3869.0,6,312,44.0,135,129,129,0,0,0
2026-04-01,2026-04-01 21:52:59 [b064168-dirty][original],original,2,9,20262229,4049.0,8,408,11.0,144,135,135,0,0,0
2026-04-01,2026-04-01 21:52:59 [b064168-dirty][original],original,2,10,20262230,3986.0,6,339,53.0,135,129,129,0,0,0
2026-04-01,2026-04-01 21:52:59 [b064168-dirty][original],original,3,1,20263221,5416.0,8,430,83.0,180,172,172,0,0,0
2026-04-01,2026-04-01 21:52:59 [b064168-dirty][original],original,3,2,20263222,5619.0,8,433,103.0,180,172,172,0,0,0
2026-04-01,2026-04-01 21:52:59 [b064168-dirty][original],original,3,3,20263223,5394.0,8,428,67.0,189,180,180,0,0,0
2026-04-01,2026-04-01 21:52:59 [b064168-dirty][original],original,3,4,20263224,5534.0,9,461,64.0,189,179,179,0,0,0
2026-04-01,2026-04-01 21:52:59 [b064168-dirty][original],original,3,5,20263225,5966.0,9,483,105.0,189,179,179,0,0,0
2026-04-01,2026-04-01 21:52:59 [b064168-dirty][original],original,3,6,20263226,5863.0,8,457,111.0,189,180,180,0,0,0
2026-04-01,2026-04-01 21:52:59 [b064168-dirty][original],original,3,7,20263227,5917.0,8,451,117.0,189,180,180,0,0,0
2026-04-01,2026-04-01 21:52:59 [b064168-dirty][original],original,3,8,20263228,5735.0,9,502,80.0,189,179,179,0,0,0
2026-04-01,2026-04-01 21:52:59 [b064168-dirty][original],original,3,9,20263229,5791.0,9,488,87.0,189,179,179,0,0,0
2026-04-01,2026-04-01 21:52:59 [b064168-dirty][original],original,3,10,20263230,5847.0,8,451,110.0,189,180,180,0,0,0
2026-04-01,2026-04-01 22:21:01 [f98912b-dirty][improved],improved,1,1,20261221,2384.0,4,246,6.0,90,86,86,0,0,0
2026-04-01,2026-04-01 22:21:01 [f98912b-dirty][improved],improved,1,2,20261222,2384.0,4,216,9.0,90,86,86,0,0,0
2026-04-01,2026-04-01 22:21:01 [f98912b-dirty][improved],improved,1,3,20261223,2396.0,4,188,13.0,90,86,86,0,0,0
2026-04-01,2026-04-01 22:21:01 [f98912b-dirty][improved],improved,1,4,20261224,2380.0,4,222,8.0,90,86,86,0,0,0
2026-04-01,2026-04-01 22:21:01 [f98912b-dirty][improved],improved,1,5,20261225,2376.0,4,198,10.0,90,86,86,0,0,0
2026-04-01,2026-04-01 22:21:01 [f98912b-dirty][improved],improved,1,6,20261226,2370.0,4,192,10.0,90,86,86,0,0,0
2026-04-01,2026-04-01 22:21:01 [f98912b-dirty][improved],improved,1,7,20261227,2412.0,4,214,12.0,90,86,86,0,0,0
2026-04-01,2026-04-01 22:21:01 [f98912b-dirty][improved],improved,1,8,20261228,2404.0,4,196,13.0,90,86,86,0,0,0
2026-04-01,2026-04-01 22:21:01 [f98912b-dirty][improved],improved,1,9,20261229,2378.0,4,210,9.0,90,86,86,0,0,0
2026-04-01,2026-04-01 22:21:01 [f98912b-dirty][improved],improved,1,10,20261230,2400.0,4,202,12.0,90,86,86,0,0,0
2026-04-01,2026-04-01 22:21:01 [f98912b-dirty][improved],improved,2,1,20262221,3444.0,6,287,4.0,135,129,129,0,0,0
2026-04-01,2026-04-01 22:21:01 [f98912b-dirty][improved],improved,2,2,20262222,3463.0,6,286,6.0,135,129,129,0,0,0
2026-04-01,2026-04-01 22:21:01 [f98912b-dirty][improved],improved,2,3,20262223,3502.0,6,285,10.0,135,129,129,0,0,0
2026-04-01,2026-04-01 22:21:01 [f98912b-dirty][improved],improved,2,4,20262224,3545.0,7,291,0.0,135,128,128,0,0,0
2026-04-01,2026-04-01 22:21:01 [f98912b-dirty][improved],improved,2,5,20262225,3477.0,6,280,8.0,135,129,129,0,0,0
2026-04-01,2026-04-01 22:21:01 [f98912b-dirty][improved],improved,2,6,20262226,3463.0,6,296,5.0,135,129,129,0,0,0
2026-04-01,2026-04-01 22:21:01 [f98912b-dirty][improved],improved,2,7,20262227,3586.0,7,312,2.0,135,128,128,0,0,0
2026-04-01,2026-04-01 22:21:01 [f98912b-dirty][improved],improved,2,8,20262228,3458.0,6,271,7.0,135,129,129,0,0,0
2026-04-01,2026-04-01 22:21:01 [f98912b-dirty][improved],improved,2,9,20262229,3575.0,7,321,0.0,135,128,128,0,0,0
2026-04-01,2026-04-01 22:21:01 [f98912b-dirty][improved],improved,2,10,20262230,3540.0,6,283,14.0,135,129,129,0,0,0
2026-04-01,2026-04-01 22:21:01 [f98912b-dirty][improved],improved,3,1,20263221,4761.0,8,397,20.0,182,172,172,0,2,0
2026-04-01,2026-04-01 22:21:01 [f98912b-dirty][improved],improved,3,2,20263222,4847.0,8,417,27.0,181,172,172,0,1,0
2026-04-01,2026-04-01 22:21:01 [f98912b-dirty][improved],improved,3,3,20263223,4632.0,8,408,6.0,182,172,172,0,2,0
2026-04-01,2026-04-01 22:21:01 [f98912b-dirty][improved],improved,3,4,20263224,4659.0,7,380,26.0,180,173,173,0,0,0
2026-04-01,2026-04-01 22:21:01 [f98912b-dirty][improved],improved,3,5,20263225,4568.0,7,369,18.0,180,173,173,0,0,0
2026-04-01,2026-04-01 22:21:01 [f98912b-dirty][improved],improved,3,6,20263226,4750.0,8,414,18.0,180,172,172,0,0,0
2026-04-01,2026-04-01 22:21:01 [f98912b-dirty][improved],improved,3,7,20263227,4701.0,8,405,14.0,180,172,172,0,0,0
2026-04-01,2026-04-01 22:21:01 [f98912b-dirty][improved],improved,3,8,20263228,4771.0,7,352,40.0,180,173,173,0,0,0
2026-04-01,2026-04-01 22:21:01 [f98912b-dirty][improved],improved,3,9,20263229,4787.0,8,391,24.0,180,172,172,0,0,0
2026-04-01,2026-04-01 22:21:01 [f98912b-dirty][improved],improved,3,10,20263230,4686.0,8,400,13.0,180,172,172,0,0,0
2026-04-01,2026-04-01 22:22:34 [f98912b-dirty][original],original,1,1,20261221,2418.0,4,210,13.0,90,86,86,0,0,0
2026-04-01,2026-04-01 22:22:34 [f98912b-dirty][original],original,1,2,20261222,2380.0,4,212,9.0,90,86,86,0,0,0
2026-04-01,2026-04-01 22:22:34 [f98912b-dirty][original],original,1,3,20261223,2408.0,4,210,12.0,90,86,86,0,0,0
2026-04-01,2026-04-01 22:22:34 [f98912b-dirty][original],original,1,4,20261224,2408.0,4,210,12.0,90,86,86,0,0,0
2026-04-01,2026-04-01 22:22:34 [f98912b-dirty][original],original,1,5,20261225,2398.0,4,210,11.0,90,86,86,0,0,0
2026-04-01,2026-04-01 22:22:34 [f98912b-dirty][original],original,1,6,20261226,2446.0,4,198,17.0,90,86,86,0,0,0
2026-04-01,2026-04-01 22:22:34 [f98912b-dirty][original],original,1,7,20261227,2526.0,5,251,6.0,90,85,85,0,0,0
2026-04-01,2026-04-01 22:22:34 [f98912b-dirty][original],original,1,8,20261228,2370.0,4,212,8.0,90,86,86,0,0,0
2026-04-01,2026-04-01 22:22:34 [f98912b-dirty][original],original,1,9,20261229,2436.0,4,208,15.0,90,86,86,0,0,0
2026-04-01,2026-04-01 22:22:34 [f98912b-dirty][original],original,1,10,20261230,2398.0,4,210,11.0,90,86,86,0,0,0
2026-04-01,2026-04-01 22:22:34 [f98912b-dirty][original],original,2,1,20262221,3784.0,7,330,20.0,135,128,128,0,0,0
2026-04-01,2026-04-01 22:22:34 [f98912b-dirty][original],original,2,2,20262222,3771.0,7,367,15.0,135,128,128,0,0,0
2026-04-01,2026-04-01 22:22:34 [f98912b-dirty][original],original,2,3,20262223,3845.0,8,394,6.0,135,127,127,0,0,0
2026-04-01,2026-04-01 22:22:34 [f98912b-dirty][original],original,2,4,20262224,3775.0,6,318,34.0,135,129,129,0,0,0
2026-04-01,2026-04-01 22:22:34 [f98912b-dirty][original],original,2,5,20262225,3832.0,7,358,22.0,135,128,128,0,0,0
2026-04-01,2026-04-01 22:22:34 [f98912b-dirty][original],original,2,6,20262226,3932.0,7,338,34.0,135,128,128,0,0,0
2026-04-01,2026-04-01 22:22:34 [f98912b-dirty][original],original,2,7,20262227,3754.0,6,337,30.0,135,129,129,0,0,0
2026-04-01,2026-04-01 22:22:34 [f98912b-dirty][original],original,2,8,20262228,3751.0,8,360,0.0,135,127,127,0,0,0
2026-04-01,2026-04-01 22:22:34 [f98912b-dirty][original],original,2,9,20262229,3851.0,8,410,5.0,135,127,127,0,0,0
2026-04-01,2026-04-01 22:22:34 [f98912b-dirty][original],original,2,10,20262230,3892.0,7,355,13.0,144,137,137,0,0,0
2026-04-01,2026-04-01 22:22:34 [f98912b-dirty][original],original,3,1,20263221,5020.0,7,401,60.0,180,173,173,0,0,0
2026-04-01,2026-04-01 22:22:34 [f98912b-dirty][original],original,3,2,20263222,5129.0,7,370,74.0,180,173,173,0,0,0
2026-04-01,2026-04-01 22:22:34 [f98912b-dirty][original],original,3,3,20263223,5632.0,9,482,70.0,190,180,180,0,1,0
2026-04-01,2026-04-01 22:22:34 [f98912b-dirty][original],original,3,4,20263224,5210.0,9,483,15.0,199,187,187,0,1,0
2026-04-01,2026-04-01 22:22:34 [f98912b-dirty][original],original,3,5,20263225,5650.0,8,459,70.0,202,191,191,0,2,0
2026-04-01,2026-04-01 22:22:34 [f98912b-dirty][original],original,3,6,20263226,5437.0,8,431,85.0,180,172,172,0,0,0
2026-04-01,2026-04-01 22:22:34 [f98912b-dirty][original],original,3,7,20263227,5336.0,9,501,50.0,184,173,173,0,2,0
2026-04-01,2026-04-01 22:22:34 [f98912b-dirty][original],original,3,8,20263228,5466.0,8,410,76.0,189,180,180,0,0,0
2026-04-01,2026-04-01 22:22:34 [f98912b-dirty][original],original,3,9,20263229,5214.0,9,511,27.0,189,179,179,0,0,0
2026-04-01,2026-04-01 22:22:34 [f98912b-dirty][original],original,3,10,20263230,5522.0,9,485,74.0,181,171,171,0,1,0
2026-04-01,2026-04-01 23:07:18 [15a9d56-dirty][original],original,1,1,20261221,2408.0,4,190,14.0,90,86,86,0,0,0
2026-04-01,2026-04-01 23:07:18 [15a9d56-dirty][original],original,1,2,20261222,2380.0,4,202,10.0,90,86,86,0,0,0
2026-04-01,2026-04-01 23:07:18 [15a9d56-dirty][original],original,1,3,20261223,2366.0,4,198,9.0,90,86,86,0,0,0
2026-04-01,2026-04-01 23:07:18 [15a9d56-dirty][original],original,1,4,20261224,2368.0,4,210,8.0,90,86,86,0,0,0
2026-04-01,2026-04-01 23:07:18 [15a9d56-dirty][original],original,1,5,20261225,2350.0,4,192,8.0,90,86,86,0,0,0
2026-04-01,2026-04-01 23:07:18 [15a9d56-dirty][original],original,1,6,20261226,2370.0,4,192,10.0,90,86,86,0,0,0
2026-04-01,2026-04-01 23:07:18 [15a9d56-dirty][original],original,1,7,20261227,2388.0,4,180,13.0,90,86,86,0,0,0
2026-04-01,2026-04-01 23:07:18 [15a9d56-dirty][original],original,1,8,20261228,2358.0,4,200,8.0,90,86,86,0,0,0
2026-04-01,2026-04-01 23:07:18 [15a9d56-dirty][original],original,1,9,20261229,2366.0,4,188,10.0,90,86,86,0,0,0
2026-04-01,2026-04-01 23:07:18 [15a9d56-dirty][original],original,1,10,20261230,2372.0,4,194,10.0,90,86,86,0,0,0
2026-04-01,2026-04-01 23:07:18 [15a9d56-dirty][original],original,2,1,20262221,3496.0,6,269,11.0,135,129,129,0,0,0
2026-04-01,2026-04-01 23:07:18 [15a9d56-dirty][original],original,2,2,20262222,3442.0,6,265,6.0,135,129,129,0,0,0
2026-04-01,2026-04-01 23:07:18 [15a9d56-dirty][original],original,2,3,20262223,3558.0,7,304,0.0,135,128,128,0,0,0
2026-04-01,2026-04-01 23:07:18 [15a9d56-dirty][original],original,2,4,20262224,3538.0,6,291,13.0,135,129,129,0,0,0
2026-04-01,2026-04-01 23:07:18 [15a9d56-dirty][original],original,2,5,20262225,3410.0,6,283,1.0,135,129,129,0,0,0
2026-04-01,2026-04-01 23:07:18 [15a9d56-dirty][original],original,2,6,20262226,3536.0,7,282,0.0,135,128,128,0,0,0
2026-04-01,2026-04-01 23:07:18 [15a9d56-dirty][original],original,2,7,20262227,3437.0,6,290,3.0,135,129,129,0,0,0
2026-04-01,2026-04-01 23:07:18 [15a9d56-dirty][original],original,2,8,20262228,3574.0,6,307,15.0,135,129,129,0,0,0
2026-04-01,2026-04-01 23:07:18 [15a9d56-dirty][original],original,2,9,20262229,3442.0,6,245,8.0,135,129,129,0,0,0
2026-04-01,2026-04-01 23:07:18 [15a9d56-dirty][original],original,2,10,20262230,3476.0,6,269,9.0,135,129,129,0,0,0
2026-04-01,2026-04-01 23:07:18 [15a9d56-dirty][original],original,3,1,20263221,4386.0,7,337,3.0,180,173,173,0,0,0
2026-04-01,2026-04-01 23:07:18 [15a9d56-dirty][original],original,3,2,20263222,4706.0,9,403,1.0,180,171,171,0,0,0
2026-04-01,2026-04-01 23:07:18 [15a9d56-dirty][original],original,3,3,20263223,4796.0,8,406,23.0,181,172,172,0,1,0
2026-04-01,2026-04-01 23:07:18 [15a9d56-dirty][original],original,3,4,20263224,4626.0,7,357,25.0,180,173,173,0,0,0
2026-04-01,2026-04-01 23:07:18 [15a9d56-dirty][original],original,3,5,20263225,4595.0,7,346,9.0,189,181,181,0,0,0
2026-04-01,2026-04-01 23:07:18 [15a9d56-dirty][original],original,3,6,20263226,4573.0,7,364,19.0,180,173,173,0,0,0
2026-04-01,2026-04-01 23:07:18 [15a9d56-dirty][original],original,3,7,20263227,4657.0,7,348,29.0,180,173,173,0,0,0
2026-04-01,2026-04-01 23:07:18 [15a9d56-dirty][original],original,3,8,20263228,4632.0,8,388,8.0,182,172,172,0,2,0
2026-04-01,2026-04-01 23:07:18 [15a9d56-dirty][original],original,3,9,20263229,4558.0,7,349,19.0,180,173,173,0,0,0
2026-04-01,2026-04-01 23:07:18 [15a9d56-dirty][original],original,3,10,20263230,4726.0,8,377,4.0,189,181,181,0,0,0
2026-04-01,2026-04-01 23:07:25 [15a9d56-dirty][improved],improved,1,1,20261221,2384.0,4,246,6.0,90,86,86,0,0,0
2026-04-01,2026-04-01 23:07:25 [15a9d56-dirty][improved],improved,1,2,20261222,2384.0,4,216,9.0,90,86,86,0,0,0
2026-04-01,2026-04-01 23:07:25 [15a9d56-dirty][improved],improved,1,3,20261223,2396.0,4,188,13.0,90,86,86,0,0,0
2026-04-01,2026-04-01 23:07:25 [15a9d56-dirty][improved],improved,1,4,20261224,2380.0,4,222,8.0,90,86,86,0,0,0
2026-04-01,2026-04-01 23:07:25 [15a9d56-dirty][improved],improved,1,5,20261225,2376.0,4,198,10.0,90,86,86,0,0,0
2026-04-01,2026-04-01 23:07:25 [15a9d56-dirty][improved],improved,1,6,20261226,2370.0,4,192,10.0,90,86,86,0,0,0
2026-04-01,2026-04-01 23:07:25 [15a9d56-dirty][improved],improved,1,7,20261227,2412.0,4,214,12.0,90,86,86,0,0,0
2026-04-01,2026-04-01 23:07:25 [15a9d56-dirty][improved],improved,1,8,20261228,2404.0,4,196,13.0,90,86,86,0,0,0
2026-04-01,2026-04-01 23:07:25 [15a9d56-dirty][improved],improved,1,9,20261229,2378.0,4,210,9.0,90,86,86,0,0,0
2026-04-01,2026-04-01 23:07:25 [15a9d56-dirty][improved],improved,1,10,20261230,2400.0,4,202,12.0,90,86,86,0,0,0
2026-04-01,2026-04-01 23:07:25 [15a9d56-dirty][improved],improved,2,1,20262221,3444.0,6,287,4.0,135,129,129,0,0,0
2026-04-01,2026-04-01 23:07:25 [15a9d56-dirty][improved],improved,2,2,20262222,3463.0,6,286,6.0,135,129,129,0,0,0
2026-04-01,2026-04-01 23:07:25 [15a9d56-dirty][improved],improved,2,3,20262223,3502.0,6,285,10.0,135,129,129,0,0,0
2026-04-01,2026-04-01 23:07:25 [15a9d56-dirty][improved],improved,2,4,20262224,3545.0,7,291,0.0,135,128,128,0,0,0
2026-04-01,2026-04-01 23:07:25 [15a9d56-dirty][improved],improved,2,5,20262225,3477.0,6,280,8.0,135,129,129,0,0,0
2026-04-01,2026-04-01 23:07:25 [15a9d56-dirty][improved],improved,2,6,20262226,3463.0,6,296,5.0,135,129,129,0,0,0
2026-04-01,2026-04-01 23:07:25 [15a9d56-dirty][improved],improved,2,7,20262227,3586.0,7,312,2.0,135,128,128,0,0,0
2026-04-01,2026-04-01 23:07:25 [15a9d56-dirty][improved],improved,2,8,20262228,3458.0,6,271,7.0,135,129,129,0,0,0
2026-04-01,2026-04-01 23:07:25 [15a9d56-dirty][improved],improved,2,9,20262229,3575.0,7,321,0.0,135,128,128,0,0,0
2026-04-01,2026-04-01 23:07:25 [15a9d56-dirty][improved],improved,2,10,20262230,3540.0,6,283,14.0,135,129,129,0,0,0
2026-04-01,2026-04-01 23:07:25 [15a9d56-dirty][improved],improved,3,1,20263221,4761.0,8,397,20.0,182,172,172,0,2,0
2026-04-01,2026-04-01 23:07:25 [15a9d56-dirty][improved],improved,3,2,20263222,4847.0,8,417,27.0,181,172,172,0,1,0
2026-04-01,2026-04-01 23:07:25 [15a9d56-dirty][improved],improved,3,3,20263223,4632.0,8,408,6.0,182,172,172,0,2,0
2026-04-01,2026-04-01 23:07:25 [15a9d56-dirty][improved],improved,3,4,20263224,4659.0,7,380,26.0,180,173,173,0,0,0
2026-04-01,2026-04-01 23:07:25 [15a9d56-dirty][improved],improved,3,5,20263225,4568.0,7,369,18.0,180,173,173,0,0,0
2026-04-01,2026-04-01 23:07:25 [15a9d56-dirty][improved],improved,3,6,20263226,4750.0,8,414,18.0,180,172,172,0,0,0
2026-04-01,2026-04-01 23:07:25 [15a9d56-dirty][improved],improved,3,7,20263227,4701.0,8,405,14.0,180,172,172,0,0,0
2026-04-01,2026-04-01 23:07:25 [15a9d56-dirty][improved],improved,3,8,20263228,4771.0,7,352,40.0,180,173,173,0,0,0
2026-04-01,2026-04-01 23:07:25 [15a9d56-dirty][improved],improved,3,9,20263229,4787.0,8,391,24.0,180,172,172,0,0,0
2026-04-01,2026-04-01 23:07:25 [15a9d56-dirty][improved],improved,3,10,20263230,4686.0,8,400,13.0,180,172,172,0,0,0
2026-04-02,2026-04-02 02:04:14 [paper-original-refactor][original],original,1,1,20261221,2550.0,4,242,23.0,90,86,86,0,0,0
2026-04-02,2026-04-02 02:04:14 [paper-original-refactor][original],original,1,2,20261222,2604.0,4,196,33.0,90,86,86,0,0,0
2026-04-02,2026-04-02 02:04:14 [paper-original-refactor][original],original,1,3,20261223,2534.0,4,236,22.0,90,86,86,0,0,0
2026-04-02,2026-04-02 02:04:14 [paper-original-refactor][original],original,1,4,20261224,2410.0,4,212,12.0,90,86,86,0,0,0
2026-04-02,2026-04-02 02:04:14 [paper-original-refactor][original],original,1,5,20261225,2450.0,4,242,13.0,90,86,86,0,0,0
2026-04-02,2026-04-02 02:04:14 [paper-original-refactor][original],original,1,6,20261226,2484.0,4,216,19.0,90,86,86,0,0,0
2026-04-02,2026-04-02 02:04:14 [paper-original-refactor][original],original,1,7,20261227,2450.0,4,212,16.0,90,86,86,0,0,0
2026-04-02,2026-04-02 02:04:14 [paper-original-refactor][original],original,1,8,20261228,2608.0,4,220,31.0,90,86,86,0,0,0
2026-04-02,2026-04-02 02:04:14 [paper-original-refactor][original],original,1,9,20261229,2590.0,4,242,27.0,90,86,86,0,0,0
2026-04-02,2026-04-02 02:04:14 [paper-original-refactor][original],original,1,10,20261230,2558.0,4,250,23.0,90,86,86,0,0,0
2026-04-02,2026-04-02 02:04:14 [paper-original-refactor][original],original,2,1,20262221,4171.0,4,208,112.0,135,131,131,0,0,0
2026-04-02,2026-04-02 02:04:14 [paper-original-refactor][original],original,2,2,20262222,4934.0,4,271,182.0,135,131,131,0,0,0
2026-04-02,2026-04-02 02:04:14 [paper-original-refactor][original],original,2,3,20262223,4353.0,4,250,126.0,135,131,131,0,0,0
2026-04-02,2026-04-02 02:04:14 [paper-original-refactor][original],original,2,4,20262224,3979.0,4,226,91.0,135,131,131,0,0,0
2026-04-02,2026-04-02 02:04:14 [paper-original-refactor][original],original,2,5,20262225,4675.0,4,232,146.0,144,139,139,0,0,0
2026-04-02,2026-04-02 02:04:14 [paper-original-refactor][original],original,2,6,20262226,4718.0,4,275,160.0,135,131,131,0,0,0
2026-04-02,2026-04-02 02:04:14 [paper-original-refactor][original],original,2,7,20262227,4917.0,4,224,185.0,135,131,131,0,0,0
2026-04-02,2026-04-02 02:04:14 [paper-original-refactor][original],original,2,8,20262228,4633.0,4,240,155.0,135,131,131,0,0,0
2026-04-02,2026-04-02 02:04:14 [paper-original-refactor][original],original,2,9,20262229,4464.0,4,241,138.0,135,131,131,0,0,0
2026-04-02,2026-04-02 02:04:14 [paper-original-refactor][original],original,2,10,20262230,4172.0,4,219,111.0,135,131,131,0,0,0
2026-04-02,2026-04-02 02:04:14 [paper-original-refactor][original],original,3,1,20263221,6543.0,6,391,227.0,180,174,174,0,0,0
2026-04-02,2026-04-02 02:04:14 [paper-original-refactor][original],original,3,2,20263222,6016.0,6,374,162.0,189,182,182,0,1,0
2026-04-02,2026-04-02 02:04:14 [paper-original-refactor][original],original,3,3,20263223,6582.0,6,400,230.0,180,174,174,0,0,0
2026-04-02,2026-04-02 02:04:14 [paper-original-refactor][original],original,3,4,20263224,6962.0,6,390,269.0,180,174,174,0,0,0
2026-04-02,2026-04-02 02:04:14 [paper-original-refactor][original],original,3,5,20263225,5848.0,6,356,161.0,180,174,174,0,0,0
2026-04-02,2026-04-02 02:04:14 [paper-original-refactor][original],original,3,6,20263226,6577.0,6,425,213.0,189,182,182,0,0,0
2026-04-02,2026-04-02 02:04:14 [paper-original-refactor][original],original,3,7,20263227,6003.0,6,381,174.0,180,174,174,0,0,0
2026-04-02,2026-04-02 02:04:14 [paper-original-refactor][original],original,3,8,20263228,6885.0,5,320,282.0,180,175,175,0,0,0
2026-04-02,2026-04-02 02:04:14 [paper-original-refactor][original],original,3,9,20263229,5471.0,6,339,111.0,189,182,182,0,0,0
2026-04-02,2026-04-02 02:04:14 [paper-original-refactor][original],original,3,10,20263230,5927.0,6,395,137.0,198,190,190,0,1,0
2026-04-02,2026-04-02 02:07:06 [paper-original-refactor][improved],improved,1,1,20261221,2384.0,4,246,6.0,90,86,86,0,0,0
2026-04-02,2026-04-02 02:07:06 [paper-original-refactor][improved],improved,1,2,20261222,2384.0,4,216,9.0,90,86,86,0,0,0
2026-04-02,2026-04-02 02:07:06 [paper-original-refactor][improved],improved,1,3,20261223,2396.0,4,188,13.0,90,86,86,0,0,0
2026-04-02,2026-04-02 02:07:06 [paper-original-refactor][improved],improved,1,4,20261224,2380.0,4,222,8.0,90,86,86,0,0,0
2026-04-02,2026-04-02 02:07:06 [paper-original-refactor][improved],improved,1,5,20261225,2376.0,4,198,10.0,90,86,86,0,0,0
2026-04-02,2026-04-02 02:07:06 [paper-original-refactor][improved],improved,1,6,20261226,2370.0,4,192,10.0,90,86,86,0,0,0
2026-04-02,2026-04-02 02:07:06 [paper-original-refactor][improved],improved,1,7,20261227,2412.0,4,214,12.0,90,86,86,0,0,0
2026-04-02,2026-04-02 02:07:06 [paper-original-refactor][improved],improved,1,8,20261228,2404.0,4,196,13.0,90,86,86,0,0,0
2026-04-02,2026-04-02 02:07:06 [paper-original-refactor][improved],improved,1,9,20261229,2378.0,4,210,9.0,90,86,86,0,0,0
2026-04-02,2026-04-02 02:07:06 [paper-original-refactor][improved],improved,1,10,20261230,2400.0,4,202,12.0,90,86,86,0,0,0
2026-04-02,2026-04-02 02:07:06 [paper-original-refactor][improved],improved,2,1,20262221,3444.0,6,287,4.0,135,129,129,0,0,0
2026-04-02,2026-04-02 02:07:06 [paper-original-refactor][improved],improved,2,2,20262222,3463.0,6,286,6.0,135,129,129,0,0,0
2026-04-02,2026-04-02 02:07:06 [paper-original-refactor][improved],improved,2,3,20262223,3502.0,6,285,10.0,135,129,129,0,0,0
2026-04-02,2026-04-02 02:07:06 [paper-original-refactor][improved],improved,2,4,20262224,3545.0,7,291,0.0,135,128,128,0,0,0
2026-04-02,2026-04-02 02:07:06 [paper-original-refactor][improved],improved,2,5,20262225,3477.0,6,280,8.0,135,129,129,0,0,0
2026-04-02,2026-04-02 02:07:06 [paper-original-refactor][improved],improved,2,6,20262226,3463.0,6,296,5.0,135,129,129,0,0,0
2026-04-02,2026-04-02 02:07:06 [paper-original-refactor][improved],improved,2,7,20262227,3586.0,7,312,2.0,135,128,128,0,0,0
2026-04-02,2026-04-02 02:07:06 [paper-original-refactor][improved],improved,2,8,20262228,3458.0,6,271,7.0,135,129,129,0,0,0
2026-04-02,2026-04-02 02:07:06 [paper-original-refactor][improved],improved,2,9,20262229,3575.0,7,321,0.0,135,128,128,0,0,0
2026-04-02,2026-04-02 02:07:06 [paper-original-refactor][improved],improved,2,10,20262230,3540.0,6,283,14.0,135,129,129,0,0,0
2026-04-02,2026-04-02 02:07:06 [paper-original-refactor][improved],improved,3,1,20263221,4761.0,8,397,20.0,182,172,172,0,2,0
2026-04-02,2026-04-02 02:07:06 [paper-original-refactor][improved],improved,3,2,20263222,4847.0,8,417,27.0,181,172,172,0,1,0
2026-04-02,2026-04-02 02:07:06 [paper-original-refactor][improved],improved,3,3,20263223,4632.0,8,408,6.0,182,172,172,0,2,0
2026-04-02,2026-04-02 02:07:06 [paper-original-refactor][improved],improved,3,4,20263224,4659.0,7,380,26.0,180,173,173,0,0,0
2026-04-02,2026-04-02 02:07:06 [paper-original-refactor][improved],improved,3,5,20263225,4568.0,7,369,18.0,180,173,173,0,0,0
2026-04-02,2026-04-02 02:07:06 [paper-original-refactor][improved],improved,3,6,20263226,4750.0,8,414,18.0,180,172,172,0,0,0
2026-04-02,2026-04-02 02:07:06 [paper-original-refactor][improved],improved,3,7,20263227,4701.0,8,405,14.0,180,172,172,0,0,0
2026-04-02,2026-04-02 02:07:06 [paper-original-refactor][improved],improved,3,8,20263228,4771.0,7,352,40.0,180,173,173,0,0,0
2026-04-02,2026-04-02 02:07:06 [paper-original-refactor][improved],improved,3,9,20263229,4787.0,8,391,24.0,180,172,172,0,0,0
2026-04-02,2026-04-02 02:07:06 [paper-original-refactor][improved],improved,3,10,20263230,4686.0,8,400,13.0,180,172,172,0,0,0
2026-04-02,2026-04-02 02:03:33 [paper-original-refactor][original],original,1,1,20261221,2550.0,4,242,23.0,90,86,86,0,0,0
2026-04-02,2026-04-02 02:03:33 [paper-original-refactor][original],original,1,2,20261222,2604.0,4,196,33.0,90,86,86,0,0,0
2026-04-02,2026-04-02 02:03:33 [paper-original-refactor][original],original,1,3,20261223,2534.0,4,236,22.0,90,86,86,0,0,0
2026-04-02,2026-04-02 02:03:33 [paper-original-refactor][original],original,1,4,20261224,2410.0,4,212,12.0,90,86,86,0,0,0
2026-04-02,2026-04-02 02:03:33 [paper-original-refactor][original],original,1,5,20261225,2450.0,4,242,13.0,90,86,86,0,0,0
2026-04-02,2026-04-02 02:03:33 [paper-original-refactor][original],original,1,6,20261226,2484.0,4,216,19.0,90,86,86,0,0,0
2026-04-02,2026-04-02 02:03:33 [paper-original-refactor][original],original,1,7,20261227,2450.0,4,212,16.0,90,86,86,0,0,0
2026-04-02,2026-04-02 02:03:33 [paper-original-refactor][original],original,1,8,20261228,2608.0,4,220,31.0,90,86,86,0,0,0
2026-04-02,2026-04-02 02:03:33 [paper-original-refactor][original],original,1,9,20261229,2590.0,4,242,27.0,90,86,86,0,0,0
2026-04-02,2026-04-02 02:03:33 [paper-original-refactor][original],original,1,10,20261230,2558.0,4,250,23.0,90,86,86,0,0,0
2026-04-02,2026-04-02 02:03:33 [paper-original-refactor][original],original,2,1,20262221,4171.0,4,208,112.0,135,131,131,0,0,0
2026-04-02,2026-04-02 02:03:33 [paper-original-refactor][original],original,2,2,20262222,4934.0,4,271,182.0,135,131,131,0,0,0
2026-04-02,2026-04-02 02:03:33 [paper-original-refactor][original],original,2,3,20262223,4353.0,4,250,126.0,135,131,131,0,0,0
2026-04-02,2026-04-02 02:03:33 [paper-original-refactor][original],original,2,4,20262224,3979.0,4,226,91.0,135,131,131,0,0,0
2026-04-02,2026-04-02 02:03:33 [paper-original-refactor][original],original,2,5,20262225,4675.0,4,232,146.0,144,139,139,0,0,0
2026-04-02,2026-04-02 02:03:33 [paper-original-refactor][original],original,2,6,20262226,4718.0,4,275,160.0,135,131,131,0,0,0
2026-04-02,2026-04-02 02:03:33 [paper-original-refactor][original],original,2,7,20262227,4917.0,4,224,185.0,135,131,131,0,0,0
2026-04-02,2026-04-02 02:03:33 [paper-original-refactor][original],original,2,8,20262228,4633.0,4,240,155.0,135,131,131,0,0,0
2026-04-02,2026-04-02 02:03:33 [paper-original-refactor][original],original,2,9,20262229,4464.0,4,241,138.0,135,131,131,0,0,0
2026-04-02,2026-04-02 02:03:33 [paper-original-refactor][original],original,2,10,20262230,4172.0,4,219,111.0,135,131,131,0,0,0
2026-04-02,2026-04-02 02:03:33 [paper-original-refactor][original],original,3,1,20263221,6543.0,6,391,227.0,180,174,174,0,0,0
2026-04-02,2026-04-02 02:03:33 [paper-original-refactor][original],original,3,2,20263222,6016.0,6,374,162.0,189,182,182,0,1,0
2026-04-02,2026-04-02 02:03:33 [paper-original-refactor][original],original,3,3,20263223,6582.0,6,400,230.0,180,174,174,0,0,0
2026-04-02,2026-04-02 02:03:33 [paper-original-refactor][original],original,3,4,20263224,6962.0,6,390,269.0,180,174,174,0,0,0
2026-04-02,2026-04-02 02:03:33 [paper-original-refactor][original],original,3,5,20263225,5848.0,6,356,161.0,180,174,174,0,0,0
2026-04-02,2026-04-02 02:03:33 [paper-original-refactor][original],original,3,6,20263226,6577.0,6,425,213.0,189,182,182,0,0,0
2026-04-02,2026-04-02 02:03:33 [paper-original-refactor][original],original,3,7,20263227,6003.0,6,381,174.0,180,174,174,0,0,0
2026-04-02,2026-04-02 02:03:33 [paper-original-refactor][original],original,3,8,20263228,6885.0,5,320,282.0,180,175,175,0,0,0
2026-04-02,2026-04-02 02:03:33 [paper-original-refactor][original],original,3,9,20263229,5471.0,6,339,111.0,189,182,182,0,0,0
2026-04-02,2026-04-02 02:03:33 [paper-original-refactor][original],original,3,10,20263230,5927.0,6,395,137.0,198,190,190,0,1,0
2026-04-02,2026-04-02 17:24:09 [paper-original-strict-optimized][original],original,1,1,20261221,2568.0,4,240,25.0,90,86,86,0,0,0
2026-04-02,2026-04-02 17:24:09 [paper-original-strict-optimized][original],original,1,2,20261222,2410.0,4,212,12.0,90,86,86,0,0,0
2026-04-02,2026-04-02 17:24:09 [paper-original-strict-optimized][original],original,1,3,20261223,2598.0,4,250,27.0,90,86,86,0,0,0
2026-04-02,2026-04-02 17:24:09 [paper-original-strict-optimized][original],original,1,4,20261224,2556.0,4,218,26.0,90,86,86,0,0,0
2026-04-02,2026-04-02 17:24:09 [paper-original-strict-optimized][original],original,1,5,20261225,2480.0,4,232,17.0,90,86,86,0,0,0
2026-04-02,2026-04-02 17:24:09 [paper-original-strict-optimized][original],original,1,6,20261226,2632.0,4,234,32.0,90,86,86,0,0,0
2026-04-02,2026-04-02 17:24:09 [paper-original-strict-optimized][original],original,1,7,20261227,2398.0,4,220,10.0,90,86,86,0,0,0
2026-04-02,2026-04-02 17:24:09 [paper-original-strict-optimized][original],original,1,8,20261228,2542.0,4,244,22.0,90,86,86,0,0,0
2026-04-02,2026-04-02 17:24:09 [paper-original-strict-optimized][original],original,1,9,20261229,2476.0,4,228,17.0,90,86,86,0,0,0
2026-04-02,2026-04-02 17:24:09 [paper-original-strict-optimized][original],original,1,10,20261230,2558.0,4,250,23.0,90,86,86,0,0,0
2026-04-02,2026-04-02 17:24:09 [paper-original-strict-optimized][original],original,2,1,20262221,4243.0,4,220,118.0,135,131,131,0,0,0
2026-04-02,2026-04-02 17:24:09 [paper-original-strict-optimized][original],original,2,2,20262222,4187.0,4,224,112.0,135,131,131,0,0,0
2026-04-02,2026-04-02 17:24:09 [paper-original-strict-optimized][original],original,2,3,20262223,4483.0,4,220,142.0,135,131,131,0,0,0
2026-04-02,2026-04-02 17:24:09 [paper-original-strict-optimized][original],original,2,4,20262224,3979.0,4,226,91.0,135,131,131,0,0,0
2026-04-02,2026-04-02 17:24:09 [paper-original-strict-optimized][original],original,2,5,20262225,4162.0,4,259,106.0,135,131,131,0,0,0
2026-04-02,2026-04-02 17:24:09 [paper-original-strict-optimized][original],original,2,6,20262226,3989.0,4,226,92.0,135,131,131,0,0,0
2026-04-02,2026-04-02 17:24:09 [paper-original-strict-optimized][original],original,2,7,20262227,4431.0,4,198,139.0,135,131,131,0,0,0
2026-04-02,2026-04-02 17:24:09 [paper-original-strict-optimized][original],original,2,8,20262228,4633.0,4,240,155.0,135,131,131,0,0,0
2026-04-02,2026-04-02 17:24:09 [paper-original-strict-optimized][original],original,2,9,20262229,4271.0,4,218,121.0,135,131,131,0,0,0
2026-04-02,2026-04-02 17:24:09 [paper-original-strict-optimized][original],original,2,10,20262230,5059.0,4,266,181.0,144,139,139,0,0,0
2026-04-02,2026-04-02 17:24:09 [paper-original-strict-optimized][original],original,3,1,20263221,5421.0,6,329,121.0,180,174,174,0,0,0
2026-04-02,2026-04-02 17:24:09 [paper-original-strict-optimized][original],original,3,2,20263222,6078.0,6,386,181.0,180,174,174,0,0,0
2026-04-02,2026-04-02 17:24:09 [paper-original-strict-optimized][original],original,3,3,20263223,5400.0,6,335,103.0,189,183,183,0,0,0
2026-04-02,2026-04-02 17:24:09 [paper-original-strict-optimized][original],original,3,4,20263224,5828.0,5,303,178.0,180,175,175,0,0,0
2026-04-02,2026-04-02 17:24:09 [paper-original-strict-optimized][original],original,3,5,20263225,5987.0,6,355,161.0,189,182,182,0,1,0
2026-04-02,2026-04-02 17:24:09 [paper-original-strict-optimized][original],original,3,6,20263226,5634.0,6,322,129.0,189,182,182,0,0,0
2026-04-02,2026-04-02 17:24:09 [paper-original-strict-optimized][original],original,3,7,20263227,6028.0,6,366,178.0,180,174,174,0,0,0
2026-04-02,2026-04-02 17:24:09 [paper-original-strict-optimized][original],original,3,8,20263228,5693.0,6,311,150.0,180,174,174,0,0,0
2026-04-02,2026-04-02 17:24:09 [paper-original-strict-optimized][original],original,3,9,20263229,6511.0,6,359,227.0,180,174,174,0,0,0
2026-04-02,2026-04-02 17:24:09 [paper-original-strict-optimized][original],original,3,10,20263230,6029.0,6,377,177.0,180,174,174,0,0,0
2026-04-02,2026-04-02 17:37:06 [paper-original-strict-optimized][improved],improved,1,1,20261221,2384.0,4,246,6.0,90,86,86,0,0,0
2026-04-02,2026-04-02 17:37:06 [paper-original-strict-optimized][improved],improved,1,2,20261222,2384.0,4,216,9.0,90,86,86,0,0,0
2026-04-02,2026-04-02 17:37:06 [paper-original-strict-optimized][improved],improved,1,3,20261223,2396.0,4,188,13.0,90,86,86,0,0,0
2026-04-02,2026-04-02 17:37:06 [paper-original-strict-optimized][improved],improved,1,4,20261224,2380.0,4,222,8.0,90,86,86,0,0,0
2026-04-02,2026-04-02 17:37:06 [paper-original-strict-optimized][improved],improved,1,5,20261225,2376.0,4,198,10.0,90,86,86,0,0,0
2026-04-02,2026-04-02 17:37:06 [paper-original-strict-optimized][improved],improved,1,6,20261226,2370.0,4,192,10.0,90,86,86,0,0,0
2026-04-02,2026-04-02 17:37:06 [paper-original-strict-optimized][improved],improved,1,7,20261227,2412.0,4,214,12.0,90,86,86,0,0,0
2026-04-02,2026-04-02 17:37:06 [paper-original-strict-optimized][improved],improved,1,8,20261228,2404.0,4,196,13.0,90,86,86,0,0,0
2026-04-02,2026-04-02 17:37:06 [paper-original-strict-optimized][improved],improved,1,9,20261229,2378.0,4,210,9.0,90,86,86,0,0,0
2026-04-02,2026-04-02 17:37:06 [paper-original-strict-optimized][improved],improved,1,10,20261230,2400.0,4,202,12.0,90,86,86,0,0,0
2026-04-02,2026-04-02 17:37:06 [paper-original-strict-optimized][improved],improved,2,1,20262221,3444.0,6,287,4.0,135,129,129,0,0,0
2026-04-02,2026-04-02 17:37:06 [paper-original-strict-optimized][improved],improved,2,2,20262222,3463.0,6,286,6.0,135,129,129,0,0,0
2026-04-02,2026-04-02 17:37:06 [paper-original-strict-optimized][improved],improved,2,3,20262223,3502.0,6,285,10.0,135,129,129,0,0,0
2026-04-02,2026-04-02 17:37:06 [paper-original-strict-optimized][improved],improved,2,4,20262224,3545.0,7,291,0.0,135,128,128,0,0,0
2026-04-02,2026-04-02 17:37:06 [paper-original-strict-optimized][improved],improved,2,5,20262225,3477.0,6,280,8.0,135,129,129,0,0,0
2026-04-02,2026-04-02 17:37:06 [paper-original-strict-optimized][improved],improved,2,6,20262226,3463.0,6,296,5.0,135,129,129,0,0,0
2026-04-02,2026-04-02 17:37:06 [paper-original-strict-optimized][improved],improved,2,7,20262227,3586.0,7,312,2.0,135,128,128,0,0,0
2026-04-02,2026-04-02 17:37:06 [paper-original-strict-optimized][improved],improved,2,8,20262228,3458.0,6,271,7.0,135,129,129,0,0,0
2026-04-02,2026-04-02 17:37:06 [paper-original-strict-optimized][improved],improved,2,9,20262229,3575.0,7,321,0.0,135,128,128,0,0,0
2026-04-02,2026-04-02 17:37:06 [paper-original-strict-optimized][improved],improved,2,10,20262230,3540.0,6,283,14.0,135,129,129,0,0,0
2026-04-02,2026-04-02 17:37:06 [paper-original-strict-optimized][improved],improved,3,1,20263221,4761.0,8,397,20.0,182,172,172,0,2,0
2026-04-02,2026-04-02 17:37:06 [paper-original-strict-optimized][improved],improved,3,2,20263222,4847.0,8,417,27.0,181,172,172,0,1,0
2026-04-02,2026-04-02 17:37:06 [paper-original-strict-optimized][improved],improved,3,3,20263223,4632.0,8,408,6.0,182,172,172,0,2,0
2026-04-02,2026-04-02 17:37:06 [paper-original-strict-optimized][improved],improved,3,4,20263224,4659.0,7,380,26.0,180,173,173,0,0,0
2026-04-02,2026-04-02 17:37:06 [paper-original-strict-optimized][improved],improved,3,5,20263225,4568.0,7,369,18.0,180,173,173,0,0,0
2026-04-02,2026-04-02 17:37:06 [paper-original-strict-optimized][improved],improved,3,6,20263226,4750.0,8,414,18.0,180,172,172,0,0,0
2026-04-02,2026-04-02 17:37:06 [paper-original-strict-optimized][improved],improved,3,7,20263227,4701.0,8,405,14.0,180,172,172,0,0,0
2026-04-02,2026-04-02 17:37:06 [paper-original-strict-optimized][improved],improved,3,8,20263228,4771.0,7,352,40.0,180,173,173,0,0,0
2026-04-02,2026-04-02 17:37:06 [paper-original-strict-optimized][improved],improved,3,9,20263229,4787.0,8,391,24.0,180,172,172,0,0,0
2026-04-02,2026-04-02 17:37:06 [paper-original-strict-optimized][improved],improved,3,10,20263230,4686.0,8,400,13.0,180,172,172,0,0,0
2026-04-02,2026-04-02 18:12:07 [paper-original-oscillation-guard][original],original,1,1,20261221,2500.0,4,232,19.0,90,86,86,0,0,0
2026-04-02,2026-04-02 18:12:07 [paper-original-oscillation-guard][original],original,1,2,20261222,2475.0,4,227,17.0,90,86,86,0,0,0
2026-04-02,2026-04-02 18:12:07 [paper-original-oscillation-guard][original],original,1,3,20261223,2452.0,4,234,14.0,90,86,86,0,0,0
2026-04-02,2026-04-02 18:12:07 [paper-original-oscillation-guard][original],original,1,4,20261224,2452.0,4,224,15.0,90,86,86,0,0,0
2026-04-02,2026-04-02 18:12:07 [paper-original-oscillation-guard][original],original,1,5,20261225,2406.0,4,208,12.0,90,86,86,0,0,0
2026-04-02,2026-04-02 18:12:07 [paper-original-oscillation-guard][original],original,1,6,20261226,2604.0,4,226,30.0,90,86,86,0,0,0
2026-04-02,2026-04-02 18:12:07 [paper-original-oscillation-guard][original],original,1,7,20261227,2472.0,4,244,15.0,90,86,86,0,0,0
2026-04-02,2026-04-02 18:12:07 [paper-original-oscillation-guard][original],original,1,8,20261228,2466.0,4,228,16.0,90,86,86,0,0,0
2026-04-02,2026-04-02 18:12:07 [paper-original-oscillation-guard][original],original,1,9,20261229,2418.0,4,220,12.0,90,86,86,0,0,0
2026-04-02,2026-04-02 18:12:07 [paper-original-oscillation-guard][original],original,1,10,20261230,2444.0,4,236,13.0,90,86,86,0,0,0
2026-04-02,2026-04-02 18:12:07 [paper-original-oscillation-guard][original],original,2,1,20262221,4073.0,4,200,103.0,135,131,131,0,0,0
2026-04-02,2026-04-02 18:12:07 [paper-original-oscillation-guard][original],original,2,2,20262222,4398.0,4,255,130.0,135,131,131,0,0,0
2026-04-02,2026-04-02 18:12:07 [paper-original-oscillation-guard][original],original,2,3,20262223,4247.0,4,234,117.0,135,131,131,0,0,0
2026-04-02,2026-04-02 18:12:07 [paper-original-oscillation-guard][original],original,2,4,20262224,4335.0,4,262,123.0,135,131,131,0,0,0
2026-04-02,2026-04-02 18:12:07 [paper-original-oscillation-guard][original],original,2,5,20262225,4437.0,4,234,122.0,144,139,139,0,0,0
2026-04-02,2026-04-02 18:12:07 [paper-original-oscillation-guard][original],original,2,6,20262226,3673.0,4,210,62.0,135,131,131,0,0,0
2026-04-02,2026-04-02 18:12:07 [paper-original-oscillation-guard][original],original,2,7,20262227,4261.0,4,248,117.0,135,131,131,0,0,0
2026-04-02,2026-04-02 18:12:07 [paper-original-oscillation-guard][original],original,2,8,20262228,4557.0,4,264,145.0,135,131,131,0,0,0
2026-04-02,2026-04-02 18:12:07 [paper-original-oscillation-guard][original],original,2,9,20262229,3925.0,4,212,87.0,135,131,131,0,0,0
2026-04-02,2026-04-02 18:12:07 [paper-original-oscillation-guard][original],original,2,10,20262230,4697.0,4,254,160.0,135,131,131,0,0,0
2026-04-02,2026-04-02 18:12:07 [paper-original-oscillation-guard][original],original,3,1,20263221,5713.0,6,341,149.0,180,174,174,0,0,0
2026-04-02,2026-04-02 18:12:07 [paper-original-oscillation-guard][original],original,3,2,20263222,5505.0,6,353,127.0,180,174,174,0,0,0
2026-04-02,2026-04-02 18:12:07 [paper-original-oscillation-guard][original],original,3,3,20263223,5900.0,6,338,154.0,189,182,182,0,0,0
2026-04-02,2026-04-02 18:12:07 [paper-original-oscillation-guard][original],original,3,4,20263224,5806.0,6,324,146.0,189,182,182,0,0,0
2026-04-02,2026-04-02 18:12:07 [paper-original-oscillation-guard][original],original,3,5,20263225,5987.0,6,355,161.0,189,182,182,0,1,0
2026-04-02,2026-04-02 18:12:07 [paper-original-oscillation-guard][original],original,3,6,20263226,5585.0,6,333,137.0,180,174,174,0,0,0
2026-04-02,2026-04-02 18:12:07 [paper-original-oscillation-guard][original],original,3,7,20263227,5672.0,6,420,137.0,180,174,174,0,0,0
2026-04-02,2026-04-02 18:12:07 [paper-original-oscillation-guard][original],original,3,8,20263228,6267.0,6,335,205.0,180,174,174,0,0,0
2026-04-02,2026-04-02 18:12:07 [paper-original-oscillation-guard][original],original,3,9,20263229,6369.0,6,347,200.0,189,182,182,0,1,0
2026-04-02,2026-04-02 18:12:07 [paper-original-oscillation-guard][original],original,3,10,20263230,6029.0,6,377,177.0,180,174,174,0,0,0
2026-04-02,2026-04-02 18:24:05 [paper-original-oscillation-guard][improved],improved,1,1,20261221,2384.0,4,246,6.0,90,86,86,0,0,0
2026-04-02,2026-04-02 18:24:05 [paper-original-oscillation-guard][improved],improved,1,2,20261222,2384.0,4,216,9.0,90,86,86,0,0,0
2026-04-02,2026-04-02 18:24:05 [paper-original-oscillation-guard][improved],improved,1,3,20261223,2396.0,4,188,13.0,90,86,86,0,0,0
2026-04-02,2026-04-02 18:24:05 [paper-original-oscillation-guard][improved],improved,1,4,20261224,2380.0,4,222,8.0,90,86,86,0,0,0
2026-04-02,2026-04-02 18:24:05 [paper-original-oscillation-guard][improved],improved,1,5,20261225,2376.0,4,198,10.0,90,86,86,0,0,0
2026-04-02,2026-04-02 18:24:05 [paper-original-oscillation-guard][improved],improved,1,6,20261226,2370.0,4,192,10.0,90,86,86,0,0,0
2026-04-02,2026-04-02 18:24:05 [paper-original-oscillation-guard][improved],improved,1,7,20261227,2412.0,4,214,12.0,90,86,86,0,0,0
2026-04-02,2026-04-02 18:24:05 [paper-original-oscillation-guard][improved],improved,1,8,20261228,2404.0,4,196,13.0,90,86,86,0,0,0
2026-04-02,2026-04-02 18:24:05 [paper-original-oscillation-guard][improved],improved,1,9,20261229,2378.0,4,210,9.0,90,86,86,0,0,0
2026-04-02,2026-04-02 18:24:05 [paper-original-oscillation-guard][improved],improved,1,10,20261230,2400.0,4,202,12.0,90,86,86,0,0,0
2026-04-02,2026-04-02 18:24:05 [paper-original-oscillation-guard][improved],improved,2,1,20262221,3444.0,6,287,4.0,135,129,129,0,0,0
2026-04-02,2026-04-02 18:24:05 [paper-original-oscillation-guard][improved],improved,2,2,20262222,3463.0,6,286,6.0,135,129,129,0,0,0
2026-04-02,2026-04-02 18:24:05 [paper-original-oscillation-guard][improved],improved,2,3,20262223,3502.0,6,285,10.0,135,129,129,0,0,0
2026-04-02,2026-04-02 18:24:05 [paper-original-oscillation-guard][improved],improved,2,4,20262224,3545.0,7,291,0.0,135,128,128,0,0,0
2026-04-02,2026-04-02 18:24:05 [paper-original-oscillation-guard][improved],improved,2,5,20262225,3477.0,6,280,8.0,135,129,129,0,0,0
2026-04-02,2026-04-02 18:24:05 [paper-original-oscillation-guard][improved],improved,2,6,20262226,3463.0,6,296,5.0,135,129,129,0,0,0
2026-04-02,2026-04-02 18:24:05 [paper-original-oscillation-guard][improved],improved,2,7,20262227,3586.0,7,312,2.0,135,128,128,0,0,0
2026-04-02,2026-04-02 18:24:05 [paper-original-oscillation-guard][improved],improved,2,8,20262228,3458.0,6,271,7.0,135,129,129,0,0,0
2026-04-02,2026-04-02 18:24:05 [paper-original-oscillation-guard][improved],improved,2,9,20262229,3575.0,7,321,0.0,135,128,128,0,0,0
2026-04-02,2026-04-02 18:24:05 [paper-original-oscillation-guard][improved],improved,2,10,20262230,3540.0,6,283,14.0,135,129,129,0,0,0
2026-04-02,2026-04-02 18:24:05 [paper-original-oscillation-guard][improved],improved,3,1,20263221,4761.0,8,397,20.0,182,172,172,0,2,0
2026-04-02,2026-04-02 18:24:05 [paper-original-oscillation-guard][improved],improved,3,2,20263222,4847.0,8,417,27.0,181,172,172,0,1,0
2026-04-02,2026-04-02 18:24:05 [paper-original-oscillation-guard][improved],improved,3,3,20263223,4632.0,8,408,6.0,182,172,172,0,2,0
2026-04-02,2026-04-02 18:24:05 [paper-original-oscillation-guard][improved],improved,3,4,20263224,4659.0,7,380,26.0,180,173,173,0,0,0
2026-04-02,2026-04-02 18:24:05 [paper-original-oscillation-guard][improved],improved,3,5,20263225,4568.0,7,369,18.0,180,173,173,0,0,0
2026-04-02,2026-04-02 18:24:05 [paper-original-oscillation-guard][improved],improved,3,6,20263226,4750.0,8,414,18.0,180,172,172,0,0,0
2026-04-02,2026-04-02 18:24:05 [paper-original-oscillation-guard][improved],improved,3,7,20263227,4701.0,8,405,14.0,180,172,172,0,0,0
2026-04-02,2026-04-02 18:24:05 [paper-original-oscillation-guard][improved],improved,3,8,20263228,4771.0,7,352,40.0,180,173,173,0,0,0
2026-04-02,2026-04-02 18:24:05 [paper-original-oscillation-guard][improved],improved,3,9,20263229,4787.0,8,391,24.0,180,172,172,0,0,0
2026-04-02,2026-04-02 18:24:05 [paper-original-oscillation-guard][improved],improved,3,10,20263230,4686.0,8,400,13.0,180,172,172,0,0,0
2026-04-02,2026-04-02 19:18:39 [frontend-export-refresh][improved],improved,1,1,20261221,2384.0,4,246,6.0,90,86,86,0,0,0
2026-04-02,2026-04-02 19:18:39 [frontend-export-refresh][improved],improved,1,2,20261222,2384.0,4,216,9.0,90,86,86,0,0,0
2026-04-02,2026-04-02 19:18:39 [frontend-export-refresh][improved],improved,1,3,20261223,2396.0,4,188,13.0,90,86,86,0,0,0
2026-04-02,2026-04-02 19:18:39 [frontend-export-refresh][improved],improved,1,4,20261224,2380.0,4,222,8.0,90,86,86,0,0,0
2026-04-02,2026-04-02 19:18:39 [frontend-export-refresh][improved],improved,1,5,20261225,2376.0,4,198,10.0,90,86,86,0,0,0
2026-04-02,2026-04-02 19:18:39 [frontend-export-refresh][improved],improved,1,6,20261226,2370.0,4,192,10.0,90,86,86,0,0,0
2026-04-02,2026-04-02 19:18:39 [frontend-export-refresh][improved],improved,1,7,20261227,2412.0,4,214,12.0,90,86,86,0,0,0
2026-04-02,2026-04-02 19:18:39 [frontend-export-refresh][improved],improved,1,8,20261228,2404.0,4,196,13.0,90,86,86,0,0,0
2026-04-02,2026-04-02 19:18:39 [frontend-export-refresh][improved],improved,1,9,20261229,2378.0,4,210,9.0,90,86,86,0,0,0
2026-04-02,2026-04-02 19:18:39 [frontend-export-refresh][improved],improved,1,10,20261230,2400.0,4,202,12.0,90,86,86,0,0,0
2026-04-02,2026-04-02 19:18:39 [frontend-export-refresh][improved],improved,2,1,20262221,3444.0,6,287,4.0,135,129,129,0,0,0
2026-04-02,2026-04-02 19:18:39 [frontend-export-refresh][improved],improved,2,2,20262222,3463.0,6,286,6.0,135,129,129,0,0,0
2026-04-02,2026-04-02 19:18:39 [frontend-export-refresh][improved],improved,2,3,20262223,3502.0,6,285,10.0,135,129,129,0,0,0
2026-04-02,2026-04-02 19:18:39 [frontend-export-refresh][improved],improved,2,4,20262224,3545.0,7,291,0.0,135,128,128,0,0,0
2026-04-02,2026-04-02 19:18:39 [frontend-export-refresh][improved],improved,2,5,20262225,3477.0,6,280,8.0,135,129,129,0,0,0
2026-04-02,2026-04-02 19:18:39 [frontend-export-refresh][improved],improved,2,6,20262226,3463.0,6,296,5.0,135,129,129,0,0,0
2026-04-02,2026-04-02 19:18:39 [frontend-export-refresh][improved],improved,2,7,20262227,3586.0,7,312,2.0,135,128,128,0,0,0
2026-04-02,2026-04-02 19:18:39 [frontend-export-refresh][improved],improved,2,8,20262228,3458.0,6,271,7.0,135,129,129,0,0,0
2026-04-02,2026-04-02 19:18:39 [frontend-export-refresh][improved],improved,2,9,20262229,3575.0,7,321,0.0,135,128,128,0,0,0
2026-04-02,2026-04-02 19:18:39 [frontend-export-refresh][improved],improved,2,10,20262230,3540.0,6,283,14.0,135,129,129,0,0,0
2026-04-02,2026-04-02 19:18:39 [frontend-export-refresh][improved],improved,3,1,20263221,4761.0,8,397,20.0,182,172,172,0,2,0
2026-04-02,2026-04-02 19:18:39 [frontend-export-refresh][improved],improved,3,2,20263222,4847.0,8,417,27.0,181,172,172,0,1,0
2026-04-02,2026-04-02 19:18:39 [frontend-export-refresh][improved],improved,3,3,20263223,4632.0,8,408,6.0,182,172,172,0,2,0
2026-04-02,2026-04-02 19:18:39 [frontend-export-refresh][improved],improved,3,4,20263224,4659.0,7,380,26.0,180,173,173,0,0,0
2026-04-02,2026-04-02 19:18:39 [frontend-export-refresh][improved],improved,3,5,20263225,4568.0,7,369,18.0,180,173,173,0,0,0
2026-04-02,2026-04-02 19:18:39 [frontend-export-refresh][improved],improved,3,6,20263226,4750.0,8,414,18.0,180,172,172,0,0,0
2026-04-02,2026-04-02 19:18:39 [frontend-export-refresh][improved],improved,3,7,20263227,4701.0,8,405,14.0,180,172,172,0,0,0
2026-04-02,2026-04-02 19:18:39 [frontend-export-refresh][improved],improved,3,8,20263228,4771.0,7,352,40.0,180,173,173,0,0,0
2026-04-02,2026-04-02 19:18:39 [frontend-export-refresh][improved],improved,3,9,20263229,4787.0,8,391,24.0,180,172,172,0,0,0
2026-04-02,2026-04-02 19:18:39 [frontend-export-refresh][improved],improved,3,10,20263230,4686.0,8,400,13.0,180,172,172,0,0,0
2026-04-02,2026-04-02 19:23:40 [frontend-export-refresh][original],original,1,1,20261221,2500.0,4,232,19.0,90,86,86,0,0,0
2026-04-02,2026-04-02 19:23:40 [frontend-export-refresh][original],original,1,2,20261222,2475.0,4,227,17.0,90,86,86,0,0,0
2026-04-02,2026-04-02 19:23:40 [frontend-export-refresh][original],original,1,3,20261223,2452.0,4,234,14.0,90,86,86,0,0,0
2026-04-02,2026-04-02 19:23:40 [frontend-export-refresh][original],original,1,4,20261224,2452.0,4,224,15.0,90,86,86,0,0,0
2026-04-02,2026-04-02 19:23:40 [frontend-export-refresh][original],original,1,5,20261225,2406.0,4,208,12.0,90,86,86,0,0,0
2026-04-02,2026-04-02 19:23:40 [frontend-export-refresh][original],original,1,6,20261226,2604.0,4,226,30.0,90,86,86,0,0,0
2026-04-02,2026-04-02 19:23:40 [frontend-export-refresh][original],original,1,7,20261227,2472.0,4,244,15.0,90,86,86,0,0,0
2026-04-02,2026-04-02 19:23:40 [frontend-export-refresh][original],original,1,8,20261228,2466.0,4,228,16.0,90,86,86,0,0,0
2026-04-02,2026-04-02 19:23:40 [frontend-export-refresh][original],original,1,9,20261229,2418.0,4,220,12.0,90,86,86,0,0,0
2026-04-02,2026-04-02 19:23:40 [frontend-export-refresh][original],original,1,10,20261230,2444.0,4,236,13.0,90,86,86,0,0,0
2026-04-02,2026-04-02 19:23:40 [frontend-export-refresh][original],original,2,1,20262221,4073.0,4,200,103.0,135,131,131,0,0,0
2026-04-02,2026-04-02 19:23:40 [frontend-export-refresh][original],original,2,2,20262222,4398.0,4,255,130.0,135,131,131,0,0,0
2026-04-02,2026-04-02 19:23:40 [frontend-export-refresh][original],original,2,3,20262223,4247.0,4,234,117.0,135,131,131,0,0,0
2026-04-02,2026-04-02 19:23:40 [frontend-export-refresh][original],original,2,4,20262224,4335.0,4,262,123.0,135,131,131,0,0,0
2026-04-02,2026-04-02 19:23:40 [frontend-export-refresh][original],original,2,5,20262225,4437.0,4,234,122.0,144,139,139,0,0,0
2026-04-02,2026-04-02 19:23:40 [frontend-export-refresh][original],original,2,6,20262226,3673.0,4,210,62.0,135,131,131,0,0,0
2026-04-02,2026-04-02 19:23:40 [frontend-export-refresh][original],original,2,7,20262227,4261.0,4,248,117.0,135,131,131,0,0,0
2026-04-02,2026-04-02 19:23:40 [frontend-export-refresh][original],original,2,8,20262228,4557.0,4,264,145.0,135,131,131,0,0,0
2026-04-02,2026-04-02 19:23:40 [frontend-export-refresh][original],original,2,9,20262229,3925.0,4,212,87.0,135,131,131,0,0,0
2026-04-02,2026-04-02 19:23:40 [frontend-export-refresh][original],original,2,10,20262230,4697.0,4,254,160.0,135,131,131,0,0,0
2026-04-02,2026-04-02 19:23:40 [frontend-export-refresh][original],original,3,1,20263221,5713.0,6,341,149.0,180,174,174,0,0,0
2026-04-02,2026-04-02 19:23:40 [frontend-export-refresh][original],original,3,2,20263222,5505.0,6,353,127.0,180,174,174,0,0,0
2026-04-02,2026-04-02 19:23:40 [frontend-export-refresh][original],original,3,3,20263223,5900.0,6,338,154.0,189,182,182,0,0,0
2026-04-02,2026-04-02 19:23:40 [frontend-export-refresh][original],original,3,4,20263224,5806.0,6,324,146.0,189,182,182,0,0,0
2026-04-02,2026-04-02 19:23:40 [frontend-export-refresh][original],original,3,5,20263225,5987.0,6,355,161.0,189,182,182,0,1,0
2026-04-02,2026-04-02 19:23:40 [frontend-export-refresh][original],original,3,6,20263226,5585.0,6,333,137.0,180,174,174,0,0,0
2026-04-02,2026-04-02 19:23:40 [frontend-export-refresh][original],original,3,7,20263227,5672.0,6,420,137.0,180,174,174,0,0,0
2026-04-02,2026-04-02 19:23:40 [frontend-export-refresh][original],original,3,8,20263228,6267.0,6,335,205.0,180,174,174,0,0,0
2026-04-02,2026-04-02 19:23:40 [frontend-export-refresh][original],original,3,9,20263229,6369.0,6,347,200.0,189,182,182,0,1,0
2026-04-02,2026-04-02 19:23:40 [frontend-export-refresh][original],original,3,10,20263230,6029.0,6,377,177.0,180,174,174,0,0,0
2026-04-06,2026-04-06 21:32:14 [6c002b2-dirty][improved],improved,1,1,20261221,2378.0,4,200,10.0,90,86,86,0,0,0
2026-04-06,2026-04-06 21:32:14 [6c002b2-dirty][improved],improved,1,2,20261222,2376.0,4,188,11.0,90,86,86,0,0,0
2026-04-06,2026-04-06 21:32:14 [6c002b2-dirty][improved],improved,1,3,20261223,2382.0,4,204,10.0,90,86,86,0,0,0
2026-04-06,2026-04-06 21:32:14 [6c002b2-dirty][improved],improved,1,4,20261224,2396.0,4,198,12.0,90,86,86,0,0,0
2026-04-06,2026-04-06 21:32:14 [6c002b2-dirty][improved],improved,1,5,20261225,2366.0,4,188,10.0,90,86,86,0,0,0
2026-04-06,2026-04-06 21:32:14 [6c002b2-dirty][improved],improved,1,6,20261226,2388.0,4,180,13.0,90,86,86,0,0,0
2026-04-06,2026-04-06 21:32:14 [6c002b2-dirty][improved],improved,1,7,20261227,2438.0,5,223,0.0,90,85,85,0,0,0
2026-04-06,2026-04-06 21:32:14 [6c002b2-dirty][improved],improved,1,8,20261228,2365.0,4,197,9.0,90,86,86,0,0,0
2026-04-06,2026-04-06 21:32:14 [6c002b2-dirty][improved],improved,1,9,20261229,2370.0,4,192,10.0,90,86,86,0,0,0
2026-04-06,2026-04-06 21:32:14 [6c002b2-dirty][improved],improved,1,10,20261230,2350.0,4,192,8.0,90,86,86,0,0,0
2026-04-06,2026-04-06 21:32:14 [6c002b2-dirty][improved],improved,2,1,20262221,3427.0,6,270,4.0,135,129,129,0,0,0
2026-04-06,2026-04-06 21:32:14 [6c002b2-dirty][improved],improved,2,2,20262222,3522.0,6,265,14.0,135,129,129,0,0,0
2026-04-06,2026-04-06 21:32:14 [6c002b2-dirty][improved],improved,2,3,20262223,3299.0,5,239,8.0,135,130,130,0,0,0
2026-04-06,2026-04-06 21:32:14 [6c002b2-dirty][improved],improved,2,4,20262224,3422.0,6,245,6.0,135,129,129,0,0,0
2026-04-06,2026-04-06 21:32:14 [6c002b2-dirty][improved],improved,2,5,20262225,3385.0,5,215,19.0,135,130,130,0,0,0
2026-04-06,2026-04-06 21:32:14 [6c002b2-dirty][improved],improved,2,6,20262226,3544.0,7,290,0.0,135,128,128,0,0,0
2026-04-06,2026-04-06 21:32:14 [6c002b2-dirty][improved],improved,2,7,20262227,3576.0,7,302,2.0,135,128,128,0,0,0
2026-04-06,2026-04-06 21:32:14 [6c002b2-dirty][improved],improved,2,8,20262228,3446.0,6,259,7.0,135,129,129,0,0,0
2026-04-06,2026-04-06 21:32:14 [6c002b2-dirty][improved],improved,2,9,20262229,3413.0,6,296,0.0,135,129,129,0,0,0
2026-04-06,2026-04-06 21:32:14 [6c002b2-dirty][improved],improved,2,10,20262230,3527.0,6,330,8.0,135,129,129,0,0,0
2026-04-06,2026-04-06 21:32:14 [6c002b2-dirty][improved],improved,3,1,20263221,4576.0,8,360,6.0,180,172,172,0,0,0
2026-04-06,2026-04-06 21:32:14 [6c002b2-dirty][improved],improved,3,2,20263222,4726.0,9,413,2.0,180,171,171,0,0,0
2026-04-06,2026-04-06 21:32:14 [6c002b2-dirty][improved],improved,3,3,20263223,4729.0,8,373,6.0,189,180,180,0,0,0
2026-04-06,2026-04-06 21:32:14 [6c002b2-dirty][improved],improved,3,4,20263224,4457.0,7,328,11.0,180,173,173,0,0,0
2026-04-06,2026-04-06 21:32:14 [6c002b2-dirty][improved],improved,3,5,20263225,4593.0,7,364,21.0,180,173,173,0,0,0
2026-04-06,2026-04-06 21:32:14 [6c002b2-dirty][improved],improved,3,6,20263226,4427.0,7,338,7.0,180,173,173,0,0,0
2026-04-06,2026-04-06 21:32:14 [6c002b2-dirty][improved],improved,3,7,20263227,4571.0,8,385,3.0,180,172,172,0,0,0
2026-04-06,2026-04-06 21:32:14 [6c002b2-dirty][improved],improved,3,8,20263228,4538.0,8,382,0.0,180,172,172,0,0,0
2026-04-06,2026-04-06 21:32:14 [6c002b2-dirty][improved],improved,3,9,20263229,4531.0,8,355,2.0,180,172,172,0,0,0
2026-04-06,2026-04-06 21:32:14 [6c002b2-dirty][improved],improved,3,10,20263230,4626.0,8,380,9.0,180,172,172,0,0,0
2026-04-19,2026-04-19 02:47:15 [37c357f-dirty][improved],improved,1,1,20261221,2378.0,4,200,10.0,90,86,86,0,0,0
2026-04-19,2026-04-19 02:47:15 [37c357f-dirty][improved],improved,1,2,20261222,2376.0,4,188,11.0,90,86,86,0,0,0
2026-04-19,2026-04-19 02:47:15 [37c357f-dirty][improved],improved,1,3,20261223,2382.0,4,204,10.0,90,86,86,0,0,0
2026-04-19,2026-04-19 02:47:15 [37c357f-dirty][improved],improved,1,4,20261224,2396.0,4,198,12.0,90,86,86,0,0,0
2026-04-19,2026-04-19 02:47:15 [37c357f-dirty][improved],improved,1,5,20261225,2366.0,4,188,10.0,90,86,86,0,0,0
2026-04-19,2026-04-19 02:47:15 [37c357f-dirty][improved],improved,1,6,20261226,2388.0,4,180,13.0,90,86,86,0,0,0
2026-04-19,2026-04-19 02:47:15 [37c357f-dirty][improved],improved,1,7,20261227,2438.0,5,223,0.0,90,85,85,0,0,0
2026-04-19,2026-04-19 02:47:15 [37c357f-dirty][improved],improved,1,8,20261228,2365.0,4,197,9.0,90,86,86,0,0,0
2026-04-19,2026-04-19 02:47:15 [37c357f-dirty][improved],improved,1,9,20261229,2370.0,4,192,10.0,90,86,86,0,0,0
2026-04-19,2026-04-19 02:47:15 [37c357f-dirty][improved],improved,1,10,20261230,2350.0,4,192,8.0,90,86,86,0,0,0
2026-04-19,2026-04-19 02:47:15 [37c357f-dirty][improved],improved,2,1,20262221,3427.0,6,270,4.0,135,129,129,0,0,0
2026-04-19,2026-04-19 02:47:15 [37c357f-dirty][improved],improved,2,2,20262222,3522.0,6,265,14.0,135,129,129,0,0,0
2026-04-19,2026-04-19 02:47:15 [37c357f-dirty][improved],improved,2,3,20262223,3299.0,5,239,8.0,135,130,130,0,0,0
2026-04-19,2026-04-19 02:47:15 [37c357f-dirty][improved],improved,2,4,20262224,3422.0,6,245,6.0,135,129,129,0,0,0
2026-04-19,2026-04-19 02:47:15 [37c357f-dirty][improved],improved,2,5,20262225,3385.0,5,215,19.0,135,130,130,0,0,0
2026-04-19,2026-04-19 02:47:15 [37c357f-dirty][improved],improved,2,6,20262226,3544.0,7,290,0.0,135,128,128,0,0,0
2026-04-19,2026-04-19 02:47:15 [37c357f-dirty][improved],improved,2,7,20262227,3576.0,7,302,2.0,135,128,128,0,0,0
2026-04-19,2026-04-19 02:47:15 [37c357f-dirty][improved],improved,2,8,20262228,3446.0,6,259,7.0,135,129,129,0,0,0
2026-04-19,2026-04-19 02:47:15 [37c357f-dirty][improved],improved,2,9,20262229,3413.0,6,296,0.0,135,129,129,0,0,0
2026-04-19,2026-04-19 02:47:15 [37c357f-dirty][improved],improved,2,10,20262230,3527.0,6,330,8.0,135,129,129,0,0,0
2026-04-19,2026-04-19 02:47:15 [37c357f-dirty][improved],improved,3,1,20263221,4576.0,8,360,6.0,180,172,172,0,0,0
2026-04-19,2026-04-19 02:47:15 [37c357f-dirty][improved],improved,3,2,20263222,4726.0,9,413,2.0,180,171,171,0,0,0
2026-04-19,2026-04-19 02:47:15 [37c357f-dirty][improved],improved,3,3,20263223,4735.0,8,397,14.0,184,174,174,0,2,0
2026-04-19,2026-04-19 02:47:15 [37c357f-dirty][improved],improved,3,4,20263224,4457.0,7,328,11.0,180,173,173,0,0,0
2026-04-19,2026-04-19 02:47:15 [37c357f-dirty][improved],improved,3,5,20263225,4593.0,7,364,21.0,180,173,173,0,0,0
2026-04-19,2026-04-19 02:47:15 [37c357f-dirty][improved],improved,3,6,20263226,4427.0,7,338,7.0,180,173,173,0,0,0
2026-04-19,2026-04-19 02:47:15 [37c357f-dirty][improved],improved,3,7,20263227,4540.0,8,384,0.0,180,172,172,0,0,0
2026-04-19,2026-04-19 02:47:15 [37c357f-dirty][improved],improved,3,8,20263228,4538.0,8,382,0.0,180,172,172,0,0,0
2026-04-19,2026-04-19 02:47:15 [37c357f-dirty][improved],improved,3,9,20263229,4531.0,8,355,2.0,180,172,172,0,0,0
2026-04-19,2026-04-19 02:47:15 [37c357f-dirty][improved],improved,3,10,20263230,4662.0,8,366,14.0,180,172,172,0,0,0
